mmsi,time,lat,lon,sog,cog,heading,class
366999701,2026-01-15T12:00:00+00:00,42.20000,-70.60000,12.0,315.0,315,A
338123456,2026-01-15T12:00:00+00:00,42.33000,-70.90000,6.0,200.0,511,B
338999702,2026-01-15T12:00:03+00:00,42.33958,-70.91902,18.0,118.9,118,A
244999703,2026-01-15T12:00:06+00:00,42.10058,-70.30045,14.5,330.7,330,A
316999704,2026-01-15T12:00:09+00:00,42.38000,-70.79875,20.0,90.5,90,A
366999701,2026-01-15T12:00:10+00:00,42.20039,-70.60053,12.0,316.3,316,A
1193046,2026-01-15T12:00:10+00:00,42.37044,-70.92940,4.5,42.9,511,B
338999702,2026-01-15T12:00:13+00:00,42.33918,-70.91804,18.0,117.6,117,A
244999703,2026-01-15T12:00:16+00:00,42.10117,-70.30089,14.5,331.8,331,A
316999704,2026-01-15T12:00:19+00:00,42.37999,-70.79749,20.0,89.2,89,A
366999701,2026-01-15T12:00:20+00:00,42.20079,-70.60105,12.0,314.9,314,A
338654321,2026-01-15T12:00:20+00:00,42.45000,-70.70141,7.5,270.4,511,B
338999702,2026-01-15T12:00:23+00:00,42.33879,-70.91704,18.0,116.6,116,A
244999703,2026-01-15T12:00:26+00:00,42.10176,-70.30132,14.5,332.1,332,A
316999704,2026-01-15T12:00:29+00:00,42.38000,-70.79624,20.0,87.8,87,A
366999701,2026-01-15T12:00:30+00:00,42.20119,-70.60158,12.0,313.9,313,A
338123456,2026-01-15T12:00:30+00:00,42.32922,-70.90039,6.0,200.0,511,B
338999702,2026-01-15T12:00:33+00:00,42.33842,-70.91603,18.0,115.5,115,A
244999703,2026-01-15T12:00:36+00:00,42.10235,-70.30174,14.5,331.7,331,A
316999704,2026-01-15T12:00:39+00:00,42.38004,-70.79499,20.0,88.5,88,A
366999701,2026-01-15T12:00:40+00:00,42.20157,-70.60212,12.0,313.5,313,A
1193046,2026-01-15T12:00:40+00:00,42.37090,-70.92883,4.5,40.4,511,B
338999702,2026-01-15T12:00:43+00:00,42.33806,-70.91501,18.0,114.7,114,A
244999703,2026-01-15T12:00:46+00:00,42.10294,-70.30217,14.5,331.2,331,A
316999704,2026-01-15T12:00:49+00:00,42.38006,-70.79373,20.0,88.0,87,A
366999701,2026-01-15T12:00:50+00:00,42.20195,-70.60266,12.0,314.5,314,A
338654321,2026-01-15T12:00:50+00:00,42.45001,-70.70282,7.5,267.1,511,B
338999702,2026-01-15T12:00:53+00:00,42.33771,-70.91399,18.0,115.6,115,A
244999703,2026-01-15T12:00:56+00:00,42.10353,-70.30261,14.5,330.3,330,A
316999704,2026-01-15T12:00:59+00:00,42.38010,-70.79248,20.0,89.2,89,A
366999701,2026-01-15T12:01:00+00:00,42.20234,-70.60320,12.0,314.2,314,A
338123456,2026-01-15T12:01:00+00:00,42.32843,-70.90077,6.0,200.7,511,B
338999702,2026-01-15T12:01:03+00:00,42.33735,-70.91297,18.0,114.1,114,A
244999703,2026-01-15T12:01:06+00:00,42.10411,-70.30306,14.5,331.7,331,A
316999704,2026-01-15T12:01:09+00:00,42.38011,-70.79123,20.0,88.1,88,A
366999701,2026-01-15T12:01:10+00:00,42.20273,-70.60374,12.0,315.2,315,A
1193046,2026-01-15T12:01:10+00:00,42.37138,-70.92828,4.5,38.4,511,B
338999702,2026-01-15T12:01:13+00:00,42.33701,-70.91194,18.0,114.8,114,A
244999703,2026-01-15T12:01:16+00:00,42.10471,-70.30349,14.5,332.7,332,A
316999704,2026-01-15T12:01:19+00:00,42.38014,-70.78998,20.0,89.0,88,A
366999701,2026-01-15T12:01:20+00:00,42.20312,-70.60427,12.0,314.7,314,A
338654321,2026-01-15T12:01:20+00:00,42.44996,-70.70423,7.5,270.1,511,B
338999702,2026-01-15T12:01:23+00:00,42.33666,-70.91092,18.0,114.9,114,A
244999703,2026-01-15T12:01:26+00:00,42.10530,-70.30390,14.5,333.4,333,A
316999704,2026-01-15T12:01:29+00:00,42.38016,-70.78872,20.0,90.0,89,A
366999701,2026-01-15T12:01:30+00:00,42.20352,-70.60480,12.0,315.2,315,A
338123456,2026-01-15T12:01:30+00:00,42.32765,-70.90117,6.0,200.2,511,B
338999702,2026-01-15T12:01:33+00:00,42.33631,-70.90990,18.0,115.7,115,A
244999703,2026-01-15T12:01:36+00:00,42.10590,-70.30431,14.5,334.3,334,A
316999704,2026-01-15T12:01:39+00:00,42.38016,-70.78747,20.0,88.5,88,A
366999701,2026-01-15T12:01:40+00:00,42.20391,-70.60533,12.0,314.4,314,A
1193046,2026-01-15T12:01:40+00:00,42.37187,-70.92775,4.5,41.3,511,B
338999702,2026-01-15T12:01:43+00:00,42.33595,-70.90888,18.0,114.6,114,A
244999703,2026-01-15T12:01:46+00:00,42.10651,-70.30470,14.5,334.0,334,A
316999704,2026-01-15T12:01:49+00:00,42.38018,-70.78622,20.0,87.3,87,A
366999701,2026-01-15T12:01:50+00:00,42.20430,-70.60586,12.0,315.5,315,A
338654321,2026-01-15T12:01:50+00:00,42.44996,-70.70565,7.5,273.8,511,B
338999702,2026-01-15T12:01:53+00:00,42.33561,-70.90785,18.0,115.7,115,A
244999703,2026-01-15T12:01:56+00:00,42.10711,-70.30509,14.5,334.9,334,A
316999704,2026-01-15T12:01:59+00:00,42.38023,-70.78496,20.0,86.8,86,A
366999701,2026-01-15T12:02:00+00:00,42.20469,-70.60639,12.0,316.1,316,A
338123456,2026-01-15T12:02:00+00:00,42.32687,-70.90156,6.0,198.8,511,B
338999702,2026-01-15T12:02:03+00:00,42.33524,-70.90684,18.0,117.1,117,A
244999703,2026-01-15T12:02:06+00:00,42.10772,-70.30548,14.5,334.6,334,A
316999704,2026-01-15T12:02:09+00:00,42.38028,-70.78371,20.0,87.5,87,A
366999701,2026-01-15T12:02:10+00:00,42.20510,-70.60691,12.0,315.7,315,A
1193046,2026-01-15T12:02:10+00:00,42.37234,-70.92719,4.5,43.1,511,B
338999702,2026-01-15T12:02:13+00:00,42.33486,-70.90584,18.0,116.0,115,A
244999703,2026-01-15T12:02:16+00:00,42.10833,-70.30587,14.5,333.4,333,A
316999704,2026-01-15T12:02:19+00:00,42.38032,-70.78246,20.0,87.7,87,A
366999701,2026-01-15T12:02:20+00:00,42.20549,-70.60743,12.0,315.5,315,A
338654321,2026-01-15T12:02:20+00:00,42.45003,-70.70705,7.5,275.4,511,B
338999702,2026-01-15T12:02:23+00:00,42.33450,-70.90482,18.0,116.0,115,A
244999703,2026-01-15T12:02:26+00:00,42.10893,-70.30627,14.5,332.3,332,A
316999704,2026-01-15T12:02:29+00:00,42.38035,-70.78121,20.0,88.6,88,A
366999701,2026-01-15T12:02:30+00:00,42.20589,-70.60796,12.0,314.1,314,A
338123456,2026-01-15T12:02:30+00:00,42.32608,-70.90192,6.0,195.9,511,B
338999702,2026-01-15T12:02:33+00:00,42.33413,-70.90381,18.0,116.2,116,A
244999703,2026-01-15T12:02:36+00:00,42.10952,-70.30669,14.5,331.3,331,A
316999704,2026-01-15T12:02:39+00:00,42.38038,-70.77995,20.0,87.5,87,A
366999701,2026-01-15T12:02:40+00:00,42.20628,-70.60850,12.0,313.3,313,A
1193046,2026-01-15T12:02:40+00:00,42.37279,-70.92662,4.5,42.8,511,B
338999702,2026-01-15T12:02:43+00:00,42.33377,-70.90280,18.0,117.6,117,A
244999703,2026-01-15T12:02:46+00:00,42.11011,-70.30713,14.5,329.9,329,A
316999704,2026-01-15T12:02:49+00:00,42.38042,-70.77870,20.0,89.0,89,A
366999701,2026-01-15T12:02:50+00:00,42.20666,-70.60904,12.0,311.8,311,A
338654321,2026-01-15T12:02:50+00:00,42.45012,-70.70846,7.5,272.6,511,B
338999702,2026-01-15T12:02:53+00:00,42.33338,-70.90180,18.0,118.6,118,A
244999703,2026-01-15T12:02:56+00:00,42.11069,-70.30758,14.5,330.6,330,A
316999704,2026-01-15T12:02:59+00:00,42.38043,-70.77745,20.0,89.0,88,A
366999701,2026-01-15T12:03:00+00:00,42.20703,-70.60960,12.0,312.0,311,A
338123456,2026-01-15T12:03:00+00:00,42.32528,-70.90223,6.0,192.3,511,B
338999702,2026-01-15T12:03:03+00:00,42.33298,-70.90081,18.0,118.1,118,A
244999703,2026-01-15T12:03:06+00:00,42.11127,-70.30803,14.5,331.6,331,A
316999704,2026-01-15T12:03:09+00:00,42.38045,-70.77620,20.0,88.5,88,A
366999701,2026-01-15T12:03:10+00:00,42.20740,-70.61016,12.0,312.8,312,A
1193046,2026-01-15T12:03:10+00:00,42.37325,-70.92604,4.5,43.9,511,B
338999702,2026-01-15T12:03:13+00:00,42.33259,-70.89982,18.0,117.1,117,A
244999703,2026-01-15T12:03:16+00:00,42.11186,-70.30846,14.5,331.7,331,A
316999704,2026-01-15T12:03:19+00:00,42.38047,-70.77494,20.0,89.0,89,A
366999701,2026-01-15T12:03:20+00:00,42.20778,-70.61071,12.0,312.7,312,A
338654321,2026-01-15T12:03:20+00:00,42.45017,-70.70987,7.5,270.5,511,B
338999702,2026-01-15T12:03:23+00:00,42.33221,-70.89881,18.0,117.4,117,A
244999703,2026-01-15T12:03:26+00:00,42.11246,-70.30888,14.5,333.2,333,A
316999704,2026-01-15T12:03:29+00:00,42.38049,-70.77369,20.0,90.2,90,A
366999701,2026-01-15T12:03:30+00:00,42.20815,-70.61126,12.0,312.3,312,A
338123456,2026-01-15T12:03:30+00:00,42.32447,-70.90247,6.0,189.9,511,B
338999702,2026-01-15T12:03:33+00:00,42.33182,-70.89781,18.0,117.8,117,A
244999703,2026-01-15T12:03:36+00:00,42.11306,-70.30929,14.5,331.8,331,A
316999704,2026-01-15T12:03:39+00:00,42.38049,-70.77244,20.0,89.3,89,A
366999701,2026-01-15T12:03:40+00:00,42.20853,-70.61182,12.0,313.2,313,A
1193046,2026-01-15T12:03:40+00:00,42.37370,-70.92545,4.5,47.5,511,B
338999702,2026-01-15T12:03:43+00:00,42.33144,-70.89681,18.0,116.6,116,A
244999703,2026-01-15T12:03:46+00:00,42.11365,-70.30972,14.5,330.9,330,A
316999704,2026-01-15T12:03:49+00:00,42.38050,-70.77118,20.0,89.9,89,A
366999701,2026-01-15T12:03:50+00:00,42.20891,-70.61236,12.0,312.6,312,A
338654321,2026-01-15T12:03:50+00:00,42.45018,-70.71128,7.5,273.4,511,B
338999702,2026-01-15T12:03:53+00:00,42.33106,-70.89581,18.0,117.8,117,A
244999703,2026-01-15T12:03:56+00:00,42.11423,-70.31016,14.5,330.4,330,A
316999704,2026-01-15T12:03:59+00:00,42.38050,-70.76993,20.0,91.0,90,A
366999701,2026-01-15T12:04:00+00:00,42.20928,-70.61291,12.0,312.8,312,A
338123456,2026-01-15T12:04:00+00:00,42.32365,-70.90266,6.0,192.0,511,B
338999702,2026-01-15T12:04:03+00:00,42.33067,-70.89481,18.0,116.3,116,A
244999703,2026-01-15T12:04:06+00:00,42.11482,-70.31061,14.5,331.1,331,A
316999704,2026-01-15T12:04:09+00:00,42.38048,-70.76868,20.0,90.1,90,A
366999701,2026-01-15T12:04:10+00:00,42.20966,-70.61347,12.0,311.8,311,A
1193046,2026-01-15T12:04:10+00:00,42.37412,-70.92483,4.5,44.5,511,B
338999702,2026-01-15T12:04:13+00:00,42.33030,-70.89380,18.0,116.3,116,A
244999703,2026-01-15T12:04:16+00:00,42.11540,-70.31104,14.5,331.1,331,A
316999704,2026-01-15T12:04:19+00:00,42.38048,-70.76742,20.0,90.8,90,A
366999701,2026-01-15T12:04:20+00:00,42.21003,-70.61402,12.0,312.6,312,A
338654321,2026-01-15T12:04:20+00:00,42.45024,-70.71269,7.5,270.8,511,B
338999702,2026-01-15T12:04:23+00:00,42.32993,-70.89279,18.0,117.2,117,A
244999703,2026-01-15T12:04:26+00:00,42.11599,-70.31148,14.5,330.5,330,A
316999704,2026-01-15T12:04:29+00:00,42.38047,-70.76617,20.0,91.7,91,A
366999701,2026-01-15T12:04:30+00:00,42.21041,-70.61458,12.0,312.7,312,A
338123456,2026-01-15T12:04:30+00:00,42.32283,-70.90290,6.0,189.7,511,B
338999702,2026-01-15T12:04:33+00:00,42.32955,-70.89179,18.0,117.0,116,A
244999703,2026-01-15T12:04:36+00:00,42.11658,-70.31193,14.5,329.9,329,A
316999704,2026-01-15T12:04:39+00:00,42.38044,-70.76492,20.0,92.0,92,A
366999701,2026-01-15T12:04:40+00:00,42.21078,-70.61513,12.0,314.0,314,A
1193046,2026-01-15T12:04:40+00:00,42.37457,-70.92424,4.5,43.6,511,B
338999702,2026-01-15T12:04:43+00:00,42.32918,-70.89078,18.0,116.4,116,A
244999703,2026-01-15T12:04:46+00:00,42.11716,-70.31238,14.5,331.2,331,A
316999704,2026-01-15T12:04:49+00:00,42.38041,-70.76366,20.0,92.7,92,A
366999701,2026-01-15T12:04:50+00:00,42.21117,-70.61567,12.0,313.0,312,A
338654321,2026-01-15T12:04:50+00:00,42.45026,-70.71410,7.5,271.4,511,B
338999702,2026-01-15T12:04:53+00:00,42.32880,-70.88977,18.0,116.5,116,A
244999703,2026-01-15T12:04:56+00:00,42.11775,-70.31282,14.5,331.6,331,A
316999704,2026-01-15T12:04:59+00:00,42.38036,-70.76241,20.0,93.9,93,A
366999701,2026-01-15T12:05:00+00:00,42.21155,-70.61622,12.0,313.8,313,A
338123456,2026-01-15T12:05:00+00:00,42.32201,-70.90309,6.0,192.4,511,B
338999702,2026-01-15T12:05:03+00:00,42.32843,-70.88876,18.0,115.7,115,A
244999703,2026-01-15T12:05:06+00:00,42.11834,-70.31325,14.5,330.2,330,A
316999704,2026-01-15T12:05:09+00:00,42.38030,-70.76116,20.0,93.4,93,A
366999701,2026-01-15T12:05:10+00:00,42.21193,-70.61676,12.0,314.8,314,A
1193046,2026-01-15T12:05:10+00:00,42.37502,-70.92365,4.5,44.4,511,B
338999702,2026-01-15T12:05:13+00:00,42.32807,-70.88775,18.0,116.7,116,A
244999703,2026-01-15T12:05:16+00:00,42.11892,-70.31370,14.5,328.8,328,A
316999704,2026-01-15T12:05:19+00:00,42.38025,-70.75991,20.0,93.3,93,A
366999701,2026-01-15T12:05:20+00:00,42.21232,-70.61729,12.0,314.2,314,A
338654321,2026-01-15T12:05:20+00:00,42.45028,-70.71551,7.5,270.5,511,B
338999702,2026-01-15T12:05:23+00:00,42.32770,-70.88674,18.0,116.3,116,A
244999703,2026-01-15T12:05:26+00:00,42.11949,-70.31417,14.5,327.9,327,A
316999704,2026-01-15T12:05:29+00:00,42.38019,-70.75866,20.0,92.7,92,A
366999701,2026-01-15T12:05:30+00:00,42.21271,-70.61783,12.0,315.3,315,A
338123456,2026-01-15T12:05:30+00:00,42.32120,-70.90333,6.0,189.1,511,B
338999702,2026-01-15T12:05:33+00:00,42.32733,-70.88573,18.0,116.1,116,A
244999703,2026-01-15T12:05:36+00:00,42.12006,-70.31465,14.5,327.4,327,A
316999704,2026-01-15T12:05:39+00:00,42.38015,-70.75741,20.0,91.4,91,A
366999701,2026-01-15T12:05:40+00:00,42.21311,-70.61835,12.0,314.7,314,A
1193046,2026-01-15T12:05:40+00:00,42.37547,-70.92306,4.5,44.5,511,B
338999702,2026-01-15T12:05:43+00:00,42.32696,-70.88472,18.0,115.2,115,A
244999703,2026-01-15T12:05:46+00:00,42.12063,-70.31514,14.5,327.0,327,A
316999704,2026-01-15T12:05:49+00:00,42.38013,-70.75615,20.0,92.9,92,A
366999701,2026-01-15T12:05:50+00:00,42.21350,-70.61889,12.0,314.4,314,A
338654321,2026-01-15T12:05:50+00:00,42.45029,-70.71692,7.5,266.9,511,B
338999702,2026-01-15T12:05:53+00:00,42.32661,-70.88370,18.0,115.5,115,A
244999703,2026-01-15T12:05:56+00:00,42.12119,-70.31563,14.5,325.8,325,A
316999704,2026-01-15T12:05:59+00:00,42.38008,-70.75490,20.0,93.4,93,A
366999701,2026-01-15T12:06:00+00:00,42.21389,-70.61942,12.0,315.8,315,A
338123456,2026-01-15T12:06:00+00:00,42.32037,-70.90351,6.0,191.3,511,B
338999702,2026-01-15T12:06:03+00:00,42.32625,-70.88268,18.0,117.0,116,A
244999703,2026-01-15T12:06:06+00:00,42.12175,-70.31614,14.5,325.7,325,A
316999704,2026-01-15T12:06:09+00:00,42.38002,-70.75365,20.0,93.7,93,A
366999701,2026-01-15T12:06:10+00:00,42.21428,-70.61995,12.0,315.2,315,A
1193046,2026-01-15T12:06:10+00:00,42.37591,-70.92247,4.5,44.6,511,B
338999702,2026-01-15T12:06:13+00:00,42.32587,-70.88168,18.0,117.5,117,A
244999703,2026-01-15T12:06:16+00:00,42.12230,-70.31665,14.5,326.3,326,A
316999704,2026-01-15T12:06:19+00:00,42.37996,-70.75240,20.0,93.7,93,A
366999701,2026-01-15T12:06:20+00:00,42.21468,-70.62048,12.0,313.8,313,A
338654321,2026-01-15T12:06:20+00:00,42.45023,-70.71833,7.5,265.8,511,B
338999702,2026-01-15T12:06:23+00:00,42.32548,-70.88068,18.0,116.8,116,A
244999703,2026-01-15T12:06:26+00:00,42.12286,-70.31715,14.5,326.8,326,A
316999704,2026-01-15T12:06:29+00:00,42.37990,-70.75115,20.0,93.8,93,A
366999701,2026-01-15T12:06:30+00:00,42.21506,-70.62102,12.0,313.6,313,A
338123456,2026-01-15T12:06:30+00:00,42.31956,-70.90373,6.0,189.4,511,B
338999702,2026-01-15T12:06:33+00:00,42.32511,-70.87967,18.0,115.8,115,A
244999703,2026-01-15T12:06:36+00:00,42.12342,-70.31764,14.5,326.6,326,A
316999704,2026-01-15T12:06:39+00:00,42.37984,-70.74990,20.0,92.3,92,A
366999701,2026-01-15T12:06:40+00:00,42.21545,-70.62156,12.0,314.6,314,A
1193046,2026-01-15T12:06:40+00:00,42.37636,-70.92187,4.5,46.4,511,B
338999702,2026-01-15T12:06:43+00:00,42.32475,-70.87866,18.0,114.4,114,A
244999703,2026-01-15T12:06:46+00:00,42.12398,-70.31814,14.5,326.2,326,A
316999704,2026-01-15T12:06:49+00:00,42.37980,-70.74864,20.0,93.7,93,A
366999701,2026-01-15T12:06:50+00:00,42.21584,-70.62209,12.0,313.5,313,A
338654321,2026-01-15T12:06:50+00:00,42.45016,-70.71974,7.5,269.7,511,B
338999702,2026-01-15T12:06:53+00:00,42.32440,-70.87763,18.0,113.0,113,A
244999703,2026-01-15T12:06:56+00:00,42.12454,-70.31865,14.5,327.4,327,A
316999704,2026-01-15T12:06:59+00:00,42.37974,-70.74739,20.0,93.7,93,A
366999701,2026-01-15T12:07:00+00:00,42.21622,-70.62264,12.0,314.4,314,A
338123456,2026-01-15T12:07:00+00:00,42.31873,-70.90391,6.0,190.7,511,B
338999702,2026-01-15T12:07:03+00:00,42.32408,-70.87659,18.0,111.7,111,A
244999703,2026-01-15T12:07:06+00:00,42.12510,-70.31913,14.5,328.4,328,A
316999704,2026-01-15T12:07:09+00:00,42.37968,-70.74614,20.0,95.0,94,A
366999701,2026-01-15T12:07:10+00:00,42.21661,-70.62317,12.0,315.2,315,A
1193046,2026-01-15T12:07:10+00:00,42.37679,-70.92126,4.5,49.6,511,B
338999702,2026-01-15T12:07:13+00:00,42.32377,-70.87554,18.0,112.3,112,A
244999703,2026-01-15T12:07:16+00:00,42.12568,-70.31961,14.5,329.0,328,A
316999704,2026-01-15T12:07:19+00:00,42.37960,-70.74489,20.0,96.2,96,A
366999701,2026-01-15T12:07:20+00:00,42.21700,-70.62370,12.0,315.0,314,A
338654321,2026-01-15T12:07:20+00:00,42.45015,-70.72115,7.5,268.4,511,B
338999702,2026-01-15T12:07:23+00:00,42.32345,-70.87450,18.0,111.3,111,A
244999703,2026-01-15T12:07:26+00:00,42.12625,-70.32007,14.5,330.4,330,A
316999704,2026-01-15T12:07:29+00:00,42.37950,-70.74365,20.0,95.4,95,A
366999701,2026-01-15T12:07:30+00:00,42.21739,-70.62423,12.0,314.1,314,A
338123456,2026-01-15T12:07:30+00:00,42.31791,-70.90412,6.0,194.3,511,B
338999702,2026-01-15T12:07:33+00:00,42.32315,-70.87345,18.0,111.6,111,A
244999703,2026-01-15T12:07:36+00:00,42.12683,-70.32052,14.5,331.7,331,A
316999704,2026-01-15T12:07:39+00:00,42.37942,-70.74240,20.0,94.5,94,A
366999701,2026-01-15T12:07:40+00:00,42.21778,-70.62477,12.0,313.3,313,A
1193046,2026-01-15T12:07:40+00:00,42.37719,-70.92062,4.5,48.8,511,B
338999702,2026-01-15T12:07:43+00:00,42.32284,-70.87240,18.0,112.6,112,A
244999703,2026-01-15T12:07:46+00:00,42.12743,-70.32095,14.5,331.6,331,A
316999704,2026-01-15T12:07:49+00:00,42.37934,-70.74115,20.0,95.4,95,A
366999701,2026-01-15T12:07:50+00:00,42.21816,-70.62532,12.0,314.1,314,A
338654321,2026-01-15T12:07:50+00:00,42.45012,-70.72257,7.5,266.6,511,B
338999702,2026-01-15T12:07:53+00:00,42.32252,-70.87136,18.0,113.1,113,A
244999703,2026-01-15T12:07:56+00:00,42.12802,-70.32138,14.5,330.1,330,A
316999704,2026-01-15T12:07:59+00:00,42.37926,-70.73990,20.0,96.5,96,A
366999701,2026-01-15T12:08:00+00:00,42.21855,-70.62586,12.0,314.1,314,A
338123456,2026-01-15T12:08:00+00:00,42.31711,-70.90440,6.0,192.0,511,B
338999702,2026-01-15T12:08:03+00:00,42.32220,-70.87033,18.0,114.1,114,A
244999703,2026-01-15T12:08:06+00:00,42.12860,-70.32183,14.5,329.9,329,A
316999704,2026-01-15T12:08:09+00:00,42.37915,-70.73866,20.0,97.5,97,A
366999701,2026-01-15T12:08:10+00:00,42.21894,-70.62639,12.0,314.1,314,A
1193046,2026-01-15T12:08:10+00:00,42.37761,-70.91998,4.5,45.2,511,B
338999702,2026-01-15T12:08:13+00:00,42.32186,-70.86930,18.0,115.5,115,A
244999703,2026-01-15T12:08:16+00:00,42.12918,-70.32229,14.5,329.3,329,A
316999704,2026-01-15T12:08:19+00:00,42.37903,-70.73741,20.0,98.3,98,A
366999701,2026-01-15T12:08:20+00:00,42.21932,-70.62693,12.0,314.2,314,A
338654321,2026-01-15T12:08:20+00:00,42.45006,-70.72397,7.5,264.7,511,B
338999702,2026-01-15T12:08:23+00:00,42.32150,-70.86828,18.0,114.6,114,A
244999703,2026-01-15T12:08:26+00:00,42.12976,-70.32275,14.5,328.9,328,A
316999704,2026-01-15T12:08:29+00:00,42.37890,-70.73617,20.0,99.2,99,A
366999701,2026-01-15T12:08:30+00:00,42.21971,-70.62747,12.0,313.6,313,A
338123456,2026-01-15T12:08:30+00:00,42.31629,-70.90463,6.0,193.2,511,B
338999702,2026-01-15T12:08:33+00:00,42.32115,-70.86726,18.0,115.2,115,A
244999703,2026-01-15T12:08:36+00:00,42.13033,-70.32322,14.5,330.0,330,A
316999704,2026-01-15T12:08:39+00:00,42.37875,-70.73494,20.0,98.0,98,A
366999701,2026-01-15T12:08:40+00:00,42.22009,-70.62801,12.0,312.7,312,A
1193046,2026-01-15T12:08:40+00:00,42.37805,-70.91938,4.5,43.0,511,B
338999702,2026-01-15T12:08:43+00:00,42.32079,-70.86624,18.0,116.2,116,A
244999703,2026-01-15T12:08:46+00:00,42.13091,-70.32367,14.5,330.2,330,A
316999704,2026-01-15T12:08:49+00:00,42.37862,-70.73370,20.0,98.3,98,A
366999701,2026-01-15T12:08:50+00:00,42.22047,-70.62857,12.0,311.3,311,A
338654321,2026-01-15T12:08:50+00:00,42.44997,-70.72538,7.5,263.4,511,B
338999702,2026-01-15T12:08:53+00:00,42.32043,-70.86522,18.0,117.4,117,A
244999703,2026-01-15T12:08:56+00:00,42.13149,-70.32412,14.5,331.5,331,A
316999704,2026-01-15T12:08:59+00:00,42.37848,-70.73246,20.0,97.7,97,A
366999701,2026-01-15T12:09:00+00:00,42.22084,-70.62913,12.0,312.2,312,A
338123456,2026-01-15T12:09:00+00:00,42.31548,-70.90489,6.0,193.3,511,B
338999702,2026-01-15T12:09:03+00:00,42.32004,-70.86422,18.0,118.8,118,A
244999703,2026-01-15T12:09:06+00:00,42.13208,-70.32455,14.5,330.2,330,A
316999704,2026-01-15T12:09:09+00:00,42.37836,-70.73121,20.0,98.4,98,A
366999701,2026-01-15T12:09:10+00:00,42.22121,-70.62969,12.0,312.0,312,A
1193046,2026-01-15T12:09:10+00:00,42.37850,-70.91880,4.5,42.6,511,B
338999702,2026-01-15T12:09:13+00:00,42.31964,-70.86324,18.0,117.5,117,A
244999703,2026-01-15T12:09:16+00:00,42.13267,-70.32500,14.5,329.3,329,A
316999704,2026-01-15T12:09:19+00:00,42.37823,-70.72997,20.0,99.7,99,A
366999701,2026-01-15T12:09:20+00:00,42.22158,-70.63024,12.0,312.0,312,A
338654321,2026-01-15T12:09:20+00:00,42.44985,-70.72678,7.5,264.9,511,B
338999702,2026-01-15T12:09:23+00:00,42.31926,-70.86224,18.0,116.6,116,A
244999703,2026-01-15T12:09:26+00:00,42.13324,-70.32546,14.5,328.6,328,A
316999704,2026-01-15T12:09:29+00:00,42.37807,-70.72874,20.0,101.1,101,A
366999701,2026-01-15T12:09:30+00:00,42.22195,-70.63080,12.0,313.2,313,A
338123456,2026-01-15T12:09:30+00:00,42.31467,-70.90515,6.0,192.4,511,B
338999702,2026-01-15T12:09:33+00:00,42.31888,-70.86123,18.0,117.0,117,A
244999703,2026-01-15T12:09:36+00:00,42.13382,-70.32594,14.5,327.2,327,A
316999704,2026-01-15T12:09:39+00:00,42.37789,-70.72751,20.0,101.6,101,A
366999701,2026-01-15T12:09:40+00:00,42.22233,-70.63135,12.0,313.7,313,A
1193046,2026-01-15T12:09:40+00:00,42.37896,-70.91823,4.5,41.3,511,B
338999702,2026-01-15T12:09:43+00:00,42.31851,-70.86022,18.0,115.9,115,A
244999703,2026-01-15T12:09:46+00:00,42.13438,-70.32643,14.5,325.9,325,A
316999704,2026-01-15T12:09:49+00:00,42.37771,-70.72628,20.0,102.3,102,A
366999701,2026-01-15T12:09:50+00:00,42.22272,-70.63189,12.0,314.4,314,A
338654321,2026-01-15T12:09:50+00:00,42.44975,-70.72819,7.5,262.6,511,B
338999702,2026-01-15T12:09:53+00:00,42.31814,-70.85921,18.0,114.9,114,A
244999703,2026-01-15T12:09:56+00:00,42.13494,-70.32693,14.5,326.7,326,A
316999704,2026-01-15T12:09:59+00:00,42.37751,-70.72506,20.0,101.7,101,A
0,2026-01-15T12:10:00+00:00,42.22311,-70.63243,12.0,314.4,314,A
338123456,2026-01-15T12:10:00+00:00,42.31386,-70.90539,6.0,192.6,511,B
338999702,2026-01-15T12:10:03+00:00,42.31779,-70.85819,18.0,115.2,115,A
244999703,2026-01-15T12:10:06+00:00,42.13550,-70.32743,14.5,325.4,325,A
316999704,2026-01-15T12:10:09+00:00,42.37732,-70.72383,20.0,101.2,101,A
0,2026-01-15T12:10:10+00:00,42.22349,-70.63296,12.0,315.1,315,A
1193046,2026-01-15T12:10:10+00:00,42.37943,-70.91767,4.5,40.6,511,B
338999702,2026-01-15T12:10:13+00:00,42.31744,-70.85717,18.0,115.1,115,A
244999703,2026-01-15T12:10:16+00:00,42.13605,-70.32794,14.5,325.5,325,A
316999704,2026-01-15T12:10:19+00:00,42.37714,-70.72260,20.0,102.3,102,A
0,2026-01-15T12:10:20+00:00,42.22389,-70.63349,12.0,315.5,315,A
338654321,2026-01-15T12:10:20+00:00,42.44962,-70.72959,7.5,263.7,511,B
338999702,2026-01-15T12:10:23+00:00,42.31708,-70.85615,18.0,114.2,114,A
244999703,2026-01-15T12:10:26+00:00,42.13660,-70.32846,14.5,324.9,324,A
316999704,2026-01-15T12:10:29+00:00,42.37694,-70.72137,20.0,102.7,102,A
0,2026-01-15T12:10:30+00:00,42.22428,-70.63402,12.0,315.8,315,A
338123456,2026-01-15T12:10:30+00:00,42.31304,-70.90564,6.0,193.4,511,B
338999702,2026-01-15T12:10:33+00:00,42.31674,-70.85512,18.0,113.9,113,A
244999703,2026-01-15T12:10:36+00:00,42.13715,-70.32898,14.5,324.4,324,A
316999704,2026-01-15T12:10:39+00:00,42.37674,-70.72015,20.0,103.2,103,A
0,2026-01-15T12:10:40+00:00,42.22468,-70.63454,12.0,316.6,316,A
1193046,2026-01-15T12:10:40+00:00,42.37991,-70.91712,4.5,36.7,511,B
338999702,2026-01-15T12:10:43+00:00,42.31641,-70.85409,18.0,115.3,115,A
244999703,2026-01-15T12:10:46+00:00,42.13770,-70.32950,14.5,324.0,324,A
316999704,2026-01-15T12:10:49+00:00,42.37653,-70.71893,20.0,101.9,101,A
0,2026-01-15T12:10:50+00:00,42.22509,-70.63506,12.0,317.5,317,A
338654321,2026-01-15T12:10:50+00:00,42.44950,-70.73099,7.5,259.7,511,B
338999702,2026-01-15T12:10:53+00:00,42.31605,-70.85307,18.0,116.6,116,A
244999703,2026-01-15T12:10:56+00:00,42.13824,-70.33004,14.5,323.2,323,A
316999704,2026-01-15T12:10:59+00:00,42.37634,-70.71770,20.0,100.4,100,A
0,2026-01-15T12:11:00+00:00,42.22549,-70.63556,12.0,318.1,318,A
338123456,2026-01-15T12:11:00+00:00,42.31223,-70.90590,6.0,197.0,511,B
338999702,2026-01-15T12:11:03+00:00,42.31568,-70.85206,18.0,117.8,117,A
244999703,2026-01-15T12:11:06+00:00,42.13878,-70.33058,14.5,323.3,323,A
316999704,2026-01-15T12:11:09+00:00,42.37617,-70.71647,20.0,101.2,101,A
0,2026-01-15T12:11:10+00:00,42.22591,-70.63606,12.0,318.2,318,A
1193046,2026-01-15T12:11:10+00:00,42.38041,-70.91662,4.5,35.8,511,B
338999702,2026-01-15T12:11:13+00:00,42.31529,-70.85106,18.0,117.3,117,A
244999703,2026-01-15T12:11:16+00:00,42.13932,-70.33112,14.5,322.6,322,A
316999704,2026-01-15T12:11:19+00:00,42.37599,-70.71524,20.0,101.6,101,A
0,2026-01-15T12:11:20+00:00,42.22632,-70.63656,12.0,318.1,318,A
338654321,2026-01-15T12:11:20+00:00,42.44932,-70.73238,7.5,256.2,511,B
338999702,2026-01-15T12:11:23+00:00,42.31491,-70.85006,18.0,116.6,116,A
244999703,2026-01-15T12:11:26+00:00,42.13985,-70.33167,14.5,321.7,321,A
316999704,2026-01-15T12:11:29+00:00,42.37581,-70.71401,20.0,102.1,102,A
0,2026-01-15T12:11:30+00:00,42.22674,-70.63706,12.0,318.3,318,A
338123456,2026-01-15T12:11:30+00:00,42.31144,-70.90623,6.0,193.2,511,B
338999702,2026-01-15T12:11:33+00:00,42.31453,-70.84906,18.0,115.9,115,A
244999703,2026-01-15T12:11:36+00:00,42.14038,-70.33223,14.5,322.8,322,A
316999704,2026-01-15T12:11:39+00:00,42.37561,-70.71279,20.0,101.2,101,A
0,2026-01-15T12:11:40+00:00,42.22715,-70.63756,12.0,316.8,316,A
1193046,2026-01-15T12:11:40+00:00,42.38091,-70.91612,4.5,33.1,511,B
338999702,2026-01-15T12:11:43+00:00,42.31417,-70.84804,18.0,115.7,115,A
244999703,2026-01-15T12:11:46+00:00,42.14091,-70.33278,14.5,324.1,324,A
316999704,2026-01-15T12:11:49+00:00,42.37543,-70.71156,20.0,99.8,99,A
0,2026-01-15T12:11:50+00:00,42.22756,-70.63808,12.0,317.5,317,A
338654321,2026-01-15T12:11:50+00:00,42.44907,-70.73375,7.5,253.2,511,B
338999702,2026-01-15T12:11:53+00:00,42.31381,-70.84703,18.0,116.2,116,A
244999703,2026-01-15T12:11:56+00:00,42.14146,-70.33331,14.5,324.3,324,A
316999704,2026-01-15T12:11:59+00:00,42.37527,-70.71032,20.0,98.8,98,A
0,2026-01-15T12:12:00+00:00,42.22797,-70.63858,12.0,316.2,316,A
338123456,2026-01-15T12:12:00+00:00,42.31062,-70.90649,6.0,190.4,511,B
338999702,2026-01-15T12:12:03+00:00,42.31344,-70.84602,18.0,115.5,115,A
244999703,2026-01-15T12:12:06+00:00,42.14200,-70.33384,14.5,324.2,324,A
316999704,2026-01-15T12:12:09+00:00,42.37513,-70.70909,20.0,97.5,97,A
0,2026-01-15T12:12:10+00:00,42.22837,-70.63910,12.0,316.7,316,A
1193046,2026-01-15T12:12:10+00:00,42.38144,-70.91566,4.5,30.9,511,B
338999702,2026-01-15T12:12:13+00:00,42.31308,-70.84500,18.0,115.1,115,A
244999703,2026-01-15T12:12:16+00:00,42.14255,-70.33437,14.5,322.9,322,A
316999704,2026-01-15T12:12:19+00:00,42.37501,-70.70784,20.0,98.4,98,A
0,2026-01-15T12:12:20+00:00,42.22877,-70.63962,12.0,316.1,316,A
338654321,2026-01-15T12:12:20+00:00,42.44877,-70.73510,7.5,254.6,511,B
338999702,2026-01-15T12:12:23+00:00,42.31273,-70.84398,18.0,114.8,114,A
244999703,2026-01-15T12:12:26+00:00,42.14308,-70.33491,14.5,323.8,323,A
316999704,2026-01-15T12:12:29+00:00,42.37488,-70.70660,20.0,97.1,97,A
0,2026-01-15T12:12:30+00:00,42.22917,-70.64014,12.0,317.5,317,A
338123456,2026-01-15T12:12:30+00:00,42.30980,-70.90669,6.0,193.1,511,B
338999702,2026-01-15T12:12:33+00:00,42.31238,-70.84295,18.0,113.7,113,A
244999703,2026-01-15T12:12:36+00:00,42.14362,-70.33545,14.5,323.6,323,A
316999704,2026-01-15T12:12:39+00:00,42.37476,-70.70536,20.0,97.9,97,A
0,2026-01-15T12:12:40+00:00,42.22958,-70.64065,12.0,317.0,316,A
1193046,2026-01-15T12:12:40+00:00,42.38197,-70.91522,4.5,27.9,511,B
338999702,2026-01-15T12:12:43+00:00,42.31204,-70.84192,18.0,112.9,112,A
244999703,2026-01-15T12:12:46+00:00,42.14416,-70.33598,14.5,323.2,323,A
316999704,2026-01-15T12:12:49+00:00,42.37463,-70.70412,20.0,97.0,96,A
0,2026-01-15T12:12:50+00:00,42.22999,-70.64116,12.0,316.9,316,A
338654321,2026-01-15T12:12:50+00:00,42.44849,-70.73646,7.5,253.7,511,B
338999702,2026-01-15T12:12:53+00:00,42.31172,-70.84089,18.0,112.9,112,A
244999703,2026-01-15T12:12:56+00:00,42.14470,-70.33653,14.5,322.7,322,A
316999704,2026-01-15T12:12:59+00:00,42.37452,-70.70287,20.0,96.5,96,A
0,2026-01-15T12:13:00+00:00,42.23039,-70.64167,12.0,315.5,315,A
338123456,2026-01-15T12:13:00+00:00,42.30899,-70.90695,6.0,190.4,511,B
338999702,2026-01-15T12:13:03+00:00,42.31139,-70.83985,18.0,114.2,114,A
244999703,2026-01-15T12:13:06+00:00,42.14524,-70.33708,14.5,323.0,322,A
316999704,2026-01-15T12:13:09+00:00,42.37441,-70.70163,20.0,97.8,97,A
0,2026-01-15T12:13:10+00:00,42.23079,-70.64220,12.0,314.9,314,A
1193046,2026-01-15T12:13:10+00:00,42.38253,-70.91483,4.5,30.7,511,B
338999702,2026-01-15T12:13:13+00:00,42.31105,-70.83882,18.0,113.4,113,A
244999703,2026-01-15T12:13:16+00:00,42.14577,-70.33762,14.5,323.7,323,A
316999704,2026-01-15T12:13:19+00:00,42.37429,-70.70039,20.0,98.8,98,A
0,2026-01-15T12:13:20+00:00,42.23118,-70.64273,12.0,313.5,313,A
338654321,2026-01-15T12:13:20+00:00,42.44820,-70.73782,7.5,254.3,511,B
338999702,2026-01-15T12:13:23+00:00,42.31072,-70.83779,18.0,114.3,114,A
244999703,2026-01-15T12:13:26+00:00,42.14631,-70.33816,14.5,323.9,323,A
316999704,2026-01-15T12:13:29+00:00,42.37415,-70.69915,20.0,98.4,98,A
0,2026-01-15T12:13:30+00:00,42.23156,-70.64327,12.0,314.5,314,A
338123456,2026-01-15T12:13:30+00:00,42.30817,-70.90715,6.0,192.3,511,B
338999702,2026-01-15T12:13:33+00:00,42.31038,-70.83676,18.0,113.0,113,A
244999703,2026-01-15T12:13:36+00:00,42.14685,-70.33869,14.5,324.9,324,A
316999704,2026-01-15T12:13:39+00:00,42.37401,-70.69791,20.0,99.0,99,A
0,2026-01-15T12:13:40+00:00,42.23195,-70.64381,12.0,314.8,314,A
1193046,2026-01-15T12:13:40+00:00,42.38306,-70.91440,4.5,26.8,511,B
338999702,2026-01-15T12:13:43+00:00,42.31005,-70.83572,18.0,112.2,112,A
244999703,2026-01-15T12:13:46+00:00,42.14740,-70.33921,14.5,326.4,326,A
316999704,2026-01-15T12:13:49+00:00,42.37387,-70.69667,20.0,99.6,99,A
0,2026-01-15T12:13:50+00:00,42.23234,-70.64434,12.0,315.7,315,A
338654321,2026-01-15T12:13:50+00:00,42.44792,-70.73918,7.5,250.7,511,B
338999702,2026-01-15T12:13:53+00:00,42.30974,-70.83468,18.0,113.0,112,A
244999703,2026-01-15T12:13:56+00:00,42.14796,-70.33971,14.5,327.8,327,A
316999704,2026-01-15T12:13:59+00:00,42.37371,-70.69543,20.0,99.7,99,A
0,2026-01-15T12:14:00+00:00,42.23274,-70.64486,12.0,315.3,315,A
338123456,2026-01-15T12:14:00+00:00,42.30736,-70.90739,6.0,190.9,511,B
338999702,2026-01-15T12:14:03+00:00,42.30941,-70.83364,18.0,112.2,112,A
244999703,2026-01-15T12:14:06+00:00,42.14853,-70.34019,14.5,328.6,328,A
316999704,2026-01-15T12:14:09+00:00,42.37355,-70.69420,20.0,99.0,98,A
0,2026-01-15T12:14:10+00:00,42.23314,-70.64539,12.0,315.1,315,A
1193046,2026-01-15T12:14:10+00:00,42.38362,-70.91401,4.5,23.8,511,B
338999702,2026-01-15T12:14:13+00:00,42.30910,-70.83260,18.0,111.1,111,A
244999703,2026-01-15T12:14:16+00:00,42.14910,-70.34067,14.5,330.0,330,A
316999704,2026-01-15T12:14:19+00:00,42.37341,-70.69296,20.0,98.3,98,A
0,2026-01-15T12:14:20+00:00,42.23353,-70.64592,12.0,314.1,314,A
338654321,2026-01-15T12:14:20+00:00,42.44757,-70.74051,7.5,249.0,511,B
338999702,2026-01-15T12:14:23+00:00,42.30880,-70.83155,18.0,109.9,109,A
244999703,2026-01-15T12:14:26+00:00,42.14969,-70.34112,14.5,330.6,330,A
316999704,2026-01-15T12:14:29+00:00,42.37328,-70.69172,20.0,98.8,98,A
0,2026-01-15T12:14:30+00:00,42.23392,-70.64646,12.0,314.7,314,A
338123456,2026-01-15T12:14:30+00:00,42.30654,-70.90760,6.0,194.7,511,B
338999702,2026-01-15T12:14:33+00:00,42.30851,-70.83049,18.0,110.2,110,A
244999703,2026-01-15T12:14:36+00:00,42.15027,-70.34156,14.5,331.1,331,A
316999704,2026-01-15T12:14:39+00:00,42.37313,-70.69048,20.0,98.0,97,A
0,2026-01-15T12:14:40+00:00,42.23431,-70.64699,12.0,314.4,314,A
1193046,2026-01-15T12:14:40+00:00,42.38419,-70.91367,4.5,21.1,511,B
338999702,2026-01-15T12:14:43+00:00,42.30822,-70.82943,18.0,110.6,110,A
244999703,2026-01-15T12:14:46+00:00,42.15086,-70.34200,14.5,332.3,332,A
316999704,2026-01-15T12:14:49+00:00,42.37301,-70.68924,20.0,99.0,99,A
0,2026-01-15T12:14:50+00:00,42.23470,-70.64753,12.0,314.8,314,A
338654321,2026-01-15T12:14:50+00:00,42.44720,-70.74183,7.5,245.9,511,B
338999702,2026-01-15T12:14:53+00:00,42.30793,-70.82837,18.0,111.3,111,A
244999703,2026-01-15T12:14:56+00:00,42.15145,-70.34242,14.5,333.0,332,A
316999704,2026-01-15T12:14:59+00:00,42.37286,-70.68800,20.0,99.6,99,A
366999701,2026-01-15T12:15:00+00:00,42.23509,-70.64806,12.0,313.9,313,A
338123456,2026-01-15T12:15:00+00:00,42.30573,-70.90789,6.0,193.1,511,B
338999702,2026-01-15T12:15:03+00:00,42.30763,-70.82732,18.0,109.9,109,A
244999703,2026-01-15T12:15:06+00:00,42.15205,-70.34283,14.5,334.1,334,A
316999704,2026-01-15T12:15:09+00:00,42.37271,-70.68677,20.0,98.1,98,A
366999701,2026-01-15T12:15:10+00:00,42.23547,-70.64860,12.0,313.3,313,A
1193046,2026-01-15T12:15:10+00:00,42.38478,-70.91337,4.5,20.8,511,B
338999702,2026-01-15T12:15:13+00:00,42.30734,-70.82626,18.0,108.7,108,A
244999703,2026-01-15T12:15:16+00:00,42.15265,-70.34323,14.5,334.8,334,A
316999704,2026-01-15T12:15:19+00:00,42.37258,-70.68553,20.0,98.2,98,A
366999701,2026-01-15T12:15:20+00:00,42.23585,-70.64915,12.0,314.5,314,A
338654321,2026-01-15T12:15:20+00:00,42.44677,-70.74312,7.5,245.2,511,B
338999702,2026-01-15T12:15:23+00:00,42.30708,-70.82520,18.0,109.1,109,A
244999703,2026-01-15T12:15:26+00:00,42.15326,-70.34361,14.5,334.1,334,A
316999704,2026-01-15T12:15:29+00:00,42.37244,-70.68429,20.0,97.1,97,A
366999701,2026-01-15T12:15:30+00:00,42.23624,-70.64968,12.0,314.0,314,A
338123456,2026-01-15T12:15:30+00:00,42.30492,-70.90814,6.0,193.0,511,B
338999702,2026-01-15T12:15:33+00:00,42.30680,-70.82413,18.0,107.9,107,A
244999703,2026-01-15T12:15:36+00:00,42.15387,-70.34401,14.5,334.8,334,A
316999704,2026-01-15T12:15:39+00:00,42.37233,-70.68304,20.0,98.5,98,A
366999701,2026-01-15T12:15:40+00:00,42.23663,-70.65022,12.0,312.8,312,A
1193046,2026-01-15T12:15:40+00:00,42.38536,-70.91307,4.5,17.3,511,B
338999702,2026-01-15T12:15:43+00:00,42.30655,-70.82306,18.0,106.5,106,A
244999703,2026-01-15T12:15:46+00:00,42.15447,-70.34440,14.5,335.8,335,A
316999704,2026-01-15T12:15:49+00:00,42.37219,-70.68180,20.0,99.8,99,A
366999701,2026-01-15T12:15:50+00:00,42.23701,-70.65077,12.0,311.4,311,A
338654321,2026-01-15T12:15:50+00:00,42.44634,-70.74440,7.5,246.6,511,B
338999702,2026-01-15T12:15:53+00:00,42.30631,-70.82198,18.0,105.4,105,A
244999703,2026-01-15T12:15:56+00:00,42.15508,-70.34477,14.5,335.2,335,A
316999704,2026-01-15T12:15:59+00:00,42.37203,-70.68057,20.0,100.5,100,A
366999701,2026-01-15T12:16:00+00:00,42.23737,-70.65134,12.0,312.4,312,A
338123456,2026-01-15T12:16:00+00:00,42.30411,-70.90840,6.0,190.4,511,B
338999702,2026-01-15T12:16:03+00:00,42.30609,-70.82089,18.0,106.2,106,A
244999703,2026-01-15T12:16:06+00:00,42.15569,-70.34515,14.5,334.2,334,A
316999704,2026-01-15T12:16:09+00:00,42.37187,-70.67934,20.0,101.0,100,A
366999701,2026-01-15T12:16:10+00:00,42.23775,-70.65189,12.0,313.8,313,A
1193046,2026-01-15T12:16:10+00:00,42.38596,-70.91282,4.5,14.7,511,B
338999702,2026-01-15T12:16:13+00:00,42.30586,-70.81981,18.0,106.8,106,A
244999703,2026-01-15T12:16:16+00:00,42.15630,-70.34554,14.5,334.0,333,A
316999704,2026-01-15T12:16:19+00:00,42.37169,-70.67811,20.0,102.3,102,A
366999701,2026-01-15T12:16:20+00:00,42.23813,-70.65243,12.0,314.3,314,A
338654321,2026-01-15T12:16:20+00:00,42.44592,-70.74569,7.5,247.3,511,B
338999702,2026-01-15T12:16:23+00:00,42.30562,-70.81873,18.0,107.1,107,A
244999703,2026-01-15T12:16:26+00:00,42.15690,-70.34594,14.5,333.8,333,A
316999704,2026-01-15T12:16:29+00:00,42.37149,-70.67688,20.0,101.2,101,A
366999701,2026-01-15T12:16:30+00:00,42.23852,-70.65297,12.0,313.7,313,A
338123456,2026-01-15T12:16:30+00:00,42.30329,-70.90860,6.0,186.8,511,B
338999702,2026-01-15T12:16:33+00:00,42.30537,-70.81765,18.0,106.2,106,A
244999703,2026-01-15T12:16:36+00:00,42.15750,-70.34634,14.5,332.8,332,A
316999704,2026-01-15T12:16:39+00:00,42.37131,-70.67565,20.0,102.6,102,A
366999701,2026-01-15T12:16:40+00:00,42.23891,-70.65351,12.0,312.6,312,A
1193046,2026-01-15T12:16:40+00:00,42.38656,-70.91260,4.5,15.1,511,B
338999702,2026-01-15T12:16:43+00:00,42.30514,-70.81657,18.0,105.0,105,A
244999703,2026-01-15T12:16:46+00:00,42.15810,-70.34675,14.5,332.5,332,A
316999704,2026-01-15T12:16:49+00:00,42.37111,-70.67443,20.0,104.0,103,A
366999701,2026-01-15T12:16:50+00:00,42.23928,-70.65406,12.0,313.2,313,A
338654321,2026-01-15T12:16:50+00:00,42.44552,-70.74700,7.5,249.9,511,B
338999702,2026-01-15T12:16:53+00:00,42.30493,-70.81548,18.0,105.3,105,A
244999703,2026-01-15T12:16:56+00:00,42.15870,-70.34717,14.5,333.6,333,A
316999704,2026-01-15T12:16:59+00:00,42.37089,-70.67321,20.0,104.9,104,A
366999701,2026-01-15T12:17:00+00:00,42.23966,-70.65461,12.0,314.3,314,A
338123456,2026-01-15T12:17:00+00:00,42.30246,-70.90873,6.0,187.7,511,B
338999702,2026-01-15T12:17:03+00:00,42.30471,-70.81440,18.0,106.4,106,A
244999703,2026-01-15T12:17:06+00:00,42.15930,-70.34757,14.5,334.7,334,A
316999704,2026-01-15T12:17:09+00:00,42.37065,-70.67200,20.0,105.8,105,A
366999701,2026-01-15T12:17:10+00:00,42.24005,-70.65515,12.0,315.7,315,A
1193046,2026-01-15T12:17:10+00:00,42.38717,-70.91238,4.5,13.3,511,B
338999702,2026-01-15T12:17:13+00:00,42.30447,-70.81332,18.0,107.3,107,A
244999703,2026-01-15T12:17:16+00:00,42.15991,-70.34796,14.5,335.9,335,A
316999704,2026-01-15T12:17:19+00:00,42.37040,-70.67080,20.0,107.1,107,A
366999701,2026-01-15T12:17:20+00:00,42.24045,-70.65567,12.0,314.4,314,A
338654321,2026-01-15T12:17:20+00:00,42.44516,-70.74832,7.5,252.0,511,B
338999702,2026-01-15T12:17:23+00:00,42.30422,-70.81224,18.0,106.2,106,A
244999703,2026-01-15T12:17:26+00:00,42.16052,-70.34833,14.5,335.9,335,A
316999704,2026-01-15T12:17:29+00:00,42.37012,-70.66960,20.0,108.2,108,A
366999701,2026-01-15T12:17:30+00:00,42.24084,-70.65621,12.0,314.5,314,A
338123456,2026-01-15T12:17:30+00:00,42.30164,-70.90888,6.0,191.3,511,B
338999702,2026-01-15T12:17:33+00:00,42.30399,-70.81116,18.0,107.6,107,A
244999703,2026-01-15T12:17:36+00:00,42.16113,-70.34870,14.5,335.6,335,A
316999704,2026-01-15T12:17:39+00:00,42.36983,-70.66841,20.0,107.3,107,A
366999701,2026-01-15T12:17:40+00:00,42.24123,-70.65674,12.0,314.0,314,A
1193046,2026-01-15T12:17:40+00:00,42.38777,-70.91219,4.5,11.7,511,B
338999702,2026-01-15T12:17:43+00:00,42.30374,-70.81008,18.0,106.2,106,A
244999703,2026-01-15T12:17:46+00:00,42.16174,-70.34907,14.5,337.1,337,A
316999704,2026-01-15T12:17:49+00:00,42.36956,-70.66721,20.0,107.2,107,A
366999701,2026-01-15T12:17:50+00:00,42.24161,-70.65728,12.0,315.2,315,A
338654321,2026-01-15T12:17:50+00:00,42.44484,-70.74966,7.5,254.6,511,B
338999702,2026-01-15T12:17:53+00:00,42.30351,-70.80900,18.0,106.2,106,A
244999703,2026-01-15T12:17:56+00:00,42.16236,-70.34942,14.5,336.0,335,A
316999704,2026-01-15T12:17:59+00:00,42.36928,-70.66601,20.0,106.5,106,A
366999701,2026-01-15T12:18:00+00:00,42.24201,-70.65781,12.0,316.0,315,A
338123456,2026-01-15T12:18:00+00:00,42.30082,-70.90911,6.0,188.7,511,B
338999702,2026-01-15T12:18:03+00:00,42.30327,-70.80792,18.0,105.9,105,A
244999703,2026-01-15T12:18:06+00:00,42.16297,-70.34979,14.5,337.1,337,A
316999704,2026-01-15T12:18:09+00:00,42.36902,-70.66481,20.0,106.3,106,A
366999701,2026-01-15T12:18:10+00:00,42.24240,-70.65833,12.0,316.5,316,A
1193046,2026-01-15T12:18:10+00:00,42.38839,-70.91202,4.5,8.8,511,B
338999702,2026-01-15T12:18:13+00:00,42.30304,-70.80684,18.0,105.4,105,A
244999703,2026-01-15T12:18:16+00:00,42.16359,-70.35015,14.5,338.1,338,A
316999704,2026-01-15T12:18:19+00:00,42.36876,-70.66361,20.0,106.6,106,A
366999701,2026-01-15T12:18:20+00:00,42.24281,-70.65885,12.0,317.8,317,A
338654321,2026-01-15T12:18:20+00:00,42.44456,-70.75102,7.5,250.8,511,B
338999702,2026-01-15T12:18:23+00:00,42.30282,-70.80575,18.0,106.5,106,A
244999703,2026-01-15T12:18:26+00:00,42.16422,-70.35048,14.5,338.8,338,A
316999704,2026-01-15T12:18:29+00:00,42.36850,-70.66241,20.0,107.2,107,A
366999701,2026-01-15T12:18:30+00:00,42.24322,-70.65935,12.0,318.0,318,A
338123456,2026-01-15T12:18:30+00:00,42.30000,-70.90928,6.0,186.3,511,B
338999702,2026-01-15T12:18:33+00:00,42.30259,-70.80467,18.0,107.2,107,A
244999703,2026-01-15T12:18:36+00:00,42.16484,-70.35081,14.5,338.6,338,A
316999704,2026-01-15T12:18:39+00:00,42.36822,-70.66121,20.0,107.8,107,A
366999701,2026-01-15T12:18:40+00:00,42.24363,-70.65986,12.0,319.1,319,A
1193046,2026-01-15T12:18:40+00:00,42.38900,-70.91189,4.5,8.8,511,B
338999702,2026-01-15T12:18:43+00:00,42.30234,-70.80359,18.0,106.3,106,A
244999703,2026-01-15T12:18:46+00:00,42.16547,-70.35114,14.5,339.8,339,A
316999704,2026-01-15T12:18:49+00:00,42.36794,-70.66002,20.0,108.8,108,A
366999701,2026-01-15T12:18:50+00:00,42.24405,-70.66035,12.0,318.1,318,A
338654321,2026-01-15T12:18:50+00:00,42.44422,-70.75236,7.5,248.6,511,B
338999702,2026-01-15T12:18:53+00:00,42.30211,-70.80251,18.0,105.4,105,A
244999703,2026-01-15T12:18:56+00:00,42.16610,-70.35145,14.5,339.9,339,A
316999704,2026-01-15T12:18:59+00:00,42.36764,-70.65883,20.0,108.4,108,A
366999701,2026-01-15T12:19:00+00:00,42.24447,-70.66085,12.0,316.9,316,A
338123456,2026-01-15T12:19:00+00:00,42.29917,-70.90940,6.0,189.3,511,B
338999702,2026-01-15T12:19:03+00:00,42.30188,-70.80143,18.0,104.4,104,A
244999703,2026-01-15T12:19:06+00:00,42.16673,-70.35177,14.5,340.4,340,A
316999704,2026-01-15T12:19:09+00:00,42.36735,-70.65764,20.0,108.0,108,A
366999701,2026-01-15T12:19:10+00:00,42.24487,-70.66136,12.0,317.0,316,A
1193046,2026-01-15T12:19:10+00:00,42.38962,-70.91176,4.5,7.5,511,B
338999702,2026-01-15T12:19:13+00:00,42.30168,-70.80034,18.0,103.4,103,A
244999703,2026-01-15T12:19:16+00:00,42.16736,-70.35207,14.5,341.6,341,A
316999704,2026-01-15T12:19:19+00:00,42.36707,-70.65645,20.0,108.6,108,A
366999701,2026-01-15T12:19:20+00:00,42.24528,-70.66187,12.0,315.5,315,A
338654321,2026-01-15T12:19:20+00:00,42.44384,-70.75367,7.5,249.6,511,B
338999702,2026-01-15T12:19:23+00:00,42.30148,-70.79924,18.0,103.0,102,A
244999703,2026-01-15T12:19:26+00:00,42.16800,-70.35236,14.5,340.1,340,A
316999704,2026-01-15T12:19:29+00:00,42.36677,-70.65526,20.0,109.5,109,A
366999701,2026-01-15T12:19:30+00:00,42.24567,-70.66240,12.0,315.5,315,A
338123456,2026-01-15T12:19:30+00:00,42.29835,-70.90958,6.0,189.0,511,B
338999702,2026-01-15T12:19:33+00:00,42.30130,-70.79814,18.0,103.2,103,A
244999703,2026-01-15T12:19:36+00:00,42.16863,-70.35266,14.5,340.8,340,A
316999704,2026-01-15T12:19:39+00:00,42.36646,-70.65408,20.0,110.1,110,A
366999701,2026-01-15T12:19:40+00:00,42.24607,-70.66293,12.0,316.7,316,A
1193046,2026-01-15T12:19:40+00:00,42.39024,-70.91165,4.5,4.7,511,B
338999702,2026-01-15T12:19:43+00:00,42.30111,-70.79705,18.0,102.6,102,A
244999703,2026-01-15T12:19:46+00:00,42.16926,-70.35296,14.5,341.9,341,A
316999704,2026-01-15T12:19:49+00:00,42.36614,-70.65290,20.0,111.5,111,A
366999701,2026-01-15T12:19:50+00:00,42.24647,-70.66344,12.0,317.2,317,A
338654321,2026-01-15T12:19:50+00:00,42.44348,-70.75500,7.5,248.6,511,B
338999702,2026-01-15T12:19:53+00:00,42.30092,-70.79595,18.0,102.1,102,A
244999703,2026-01-15T12:19:56+00:00,42.16990,-70.35324,14.5,342.2,342,A
316999704,2026-01-15T12:19:59+00:00,42.36580,-70.65174,20.0,112.2,112,A
366999701,2026-01-15T12:20:00+00:00,42.24688,-70.66395,12.0,316.3,316,A
338123456,2026-01-15T12:20:00+00:00,42.29752,-70.90976,6.0,186.0,511,B
338999702,2026-01-15T12:20:03+00:00,42.30075,-70.79484,18.0,101.9,101,A
244999703,2026-01-15T12:20:06+00:00,42.17054,-70.35352,14.5,342.1,342,A
316999704,2026-01-15T12:20:09+00:00,42.36545,-70.65058,20.0,113.5,113,A
366999701,2026-01-15T12:20:10+00:00,42.24728,-70.66447,12.0,317.0,317,A
1193046,2026-01-15T12:20:10+00:00,42.39086,-70.91158,4.5,5.7,511,B
338999702,2026-01-15T12:20:13+00:00,42.30058,-70.79374,18.0,102.3,102,A
244999703,2026-01-15T12:20:16+00:00,42.17118,-70.35380,14.5,341.7,341,A
316999704,2026-01-15T12:20:19+00:00,42.36508,-70.64943,20.0,112.8,112,A
366999701,2026-01-15T12:20:20+00:00,42.24769,-70.66498,12.0,316.7,316,A
338654321,2026-01-15T12:20:20+00:00,42.44310,-70.75631,7.5,250.5,511,B
338999702,2026-01-15T12:20:23+00:00,42.30040,-70.79264,18.0,103.0,102,A
244999703,2026-01-15T12:20:26+00:00,42.17181,-70.35408,14.5,342.9,342,A
316999704,2026-01-15T12:20:29+00:00,42.36473,-70.64827,20.0,111.5,111,A
366999701,2026-01-15T12:20:30+00:00,42.24809,-70.66550,12.0,316.0,315,A
338123456,2026-01-15T12:20:30+00:00,42.29669,-70.90987,6.0,188.6,511,B
338999702,2026-01-15T12:20:33+00:00,42.30021,-70.79154,18.0,103.7,103,A
244999703,2026-01-15T12:20:36+00:00,42.17246,-70.35435,14.5,341.5,341,A
316999704,2026-01-15T12:20:39+00:00,42.36439,-70.64711,20.0,110.1,110,A
366999701,2026-01-15T12:20:40+00:00,42.24849,-70.66602,12.0,315.9,315,A
1193046,2026-01-15T12:20:40+00:00,42.39149,-70.91149,4.5,9.0,511,B
338999702,2026-01-15T12:20:43+00:00,42.30002,-70.79045,18.0,104.4,104,A
244999703,2026-01-15T12:20:46+00:00,42.17309,-70.35463,14.5,340.8,340,A
316999704,2026-01-15T12:20:49+00:00,42.36407,-70.64593,20.0,111.5,111,A
366999701,2026-01-15T12:20:50+00:00,42.24889,-70.66654,12.0,316.6,316,A
338654321,2026-01-15T12:20:50+00:00,42.44275,-70.75764,7.5,246.6,511,B
338999702,2026-01-15T12:20:53+00:00,42.29981,-70.78936,18.0,102.9,102,A
244999703,2026-01-15T12:20:56+00:00,42.17373,-70.35493,14.5,340.9,340,A
316999704,2026-01-15T12:20:59+00:00,42.36373,-70.64476,20.0,111.0,110,A
366999701,2026-01-15T12:21:00+00:00,42.24930,-70.66705,12.0,316.7,316,A
338123456,2026-01-15T12:21:00+00:00,42.29587,-70.91004,6.0,189.1,511,B
338999702,2026-01-15T12:21:03+00:00,42.29962,-70.78826,18.0,104.4,104,A
244999703,2026-01-15T12:21:06+00:00,42.17436,-70.35523,14.5,340.8,340,A
316999704,2026-01-15T12:21:09+00:00,42.36340,-70.64359,20.0,109.8,109,A
366999701,2026-01-15T12:21:10+00:00,42.24970,-70.66757,12.0,316.7,316,A
1193046,2026-01-15T12:21:10+00:00,42.39210,-70.91136,4.5,9.5,511,B
338999702,2026-01-15T12:21:13+00:00,42.29941,-70.78717,18.0,105.8,105,A
244999703,2026-01-15T12:21:16+00:00,42.17500,-70.35553,14.5,341.3,341,A
316999704,2026-01-15T12:21:19+00:00,42.36308,-70.64242,20.0,108.9,108,A
366999701,2026-01-15T12:21:20+00:00,42.25011,-70.66808,12.0,317.2,317,A
338654321,2026-01-15T12:21:20+00:00,42.44234,-70.75894,7.5,248.8,511,B
338999702,2026-01-15T12:21:23+00:00,42.29919,-70.78608,18.0,104.9,104,A
244999703,2026-01-15T12:21:26+00:00,42.17563,-70.35582,14.5,340.4,340,A
316999704,2026-01-15T12:21:29+00:00,42.36278,-70.64123,20.0,108.0,108,A
366999701,2026-01-15T12:21:30+00:00,42.25051,-70.66859,12.0,317.4,317,A
338123456,2026-01-15T12:21:30+00:00,42.29505,-70.91022,6.0,188.3,511,B
338999702,2026-01-15T12:21:33+00:00,42.29897,-70.78499,18.0,104.8,104,A
244999703,2026-01-15T12:21:36+00:00,42.17626,-70.35612,14.5,340.0,339,A
316999704,2026-01-15T12:21:39+00:00,42.36250,-70.64004,20.0,108.2,108,A
366999701,2026-01-15T12:21:40+00:00,42.25092,-70.66910,12.0,316.2,316,A
1193046,2026-01-15T12:21:40+00:00,42.39272,-70.91122,4.5,6.0,511,B
338999702,2026-01-15T12:21:43+00:00,42.29876,-70.78391,18.0,105.2,105,A
244999703,2026-01-15T12:21:46+00:00,42.17689,-70.35643,14.5,341.2,341,A
316999704,2026-01-15T12:21:49+00:00,42.36221,-70.63885,20.0,108.5,108,A
366999701,2026-01-15T12:21:50+00:00,42.25132,-70.66962,12.0,317.1,317,A
338654321,2026-01-15T12:21:50+00:00,42.44196,-70.76025,7.5,250.8,511,B
338999702,2026-01-15T12:21:53+00:00,42.29854,-70.78282,18.0,104.9,104,A
244999703,2026-01-15T12:21:56+00:00,42.17753,-70.35672,14.5,342.1,342,A
316999704,2026-01-15T12:21:59+00:00,42.36191,-70.63766,20.0,109.7,109,A
366999701,2026-01-15T12:22:00+00:00,42.25173,-70.67013,12.0,315.9,315,A
338123456,2026-01-15T12:22:00+00:00,42.29422,-70.91038,6.0,186.6,511,B
338999702,2026-01-15T12:22:03+00:00,42.29832,-70.78173,18.0,104.0,103,A
244999703,2026-01-15T12:22:06+00:00,42.17817,-70.35700,14.5,341.5,341,A
316999704,2026-01-15T12:22:09+00:00,42.36160,-70.63648,20.0,110.5,110,A
366999701,2026-01-15T12:22:10+00:00,42.25213,-70.67065,12.0,317.0,316,A
1193046,2026-01-15T12:22:10+00:00,42.39334,-70.91113,4.5,2.2,511,B
338999702,2026-01-15T12:22:13+00:00,42.29812,-70.78064,18.0,104.8,104,A
244999703,2026-01-15T12:22:16+00:00,42.17881,-70.35729,14.5,341.2,341,A
316999704,2026-01-15T12:22:19+00:00,42.36128,-70.63531,20.0,109.3,109,A
366999701,2026-01-15T12:22:20+00:00,42.25254,-70.67117,12.0,317.9,317,A
338654321,2026-01-15T12:22:20+00:00,42.44162,-70.76159,7.5,253.1,511,B
338999702,2026-01-15T12:22:23+00:00,42.29791,-70.77955,18.0,103.7,103,A
244999703,2026-01-15T12:22:26+00:00,42.17944,-70.35758,14.5,341.2,341,A
316999704,2026-01-15T12:22:29+00:00,42.36097,-70.63412,20.0,110.0,109,A
366999701,2026-01-15T12:22:30+00:00,42.25295,-70.67167,12.0,318.4,318,A
338123456,2026-01-15T12:22:30+00:00,42.29339,-70.91051,6.0,185.9,511,B
338999702,2026-01-15T12:22:33+00:00,42.29771,-70.77845,18.0,102.9,102,A
244999703,2026-01-15T12:22:36+00:00,42.18008,-70.35787,14.5,342.1,342,A
316999704,2026-01-15T12:22:39+00:00,42.36065,-70.63295,20.0,111.2,111,A
366999701,2026-01-15T12:22:40+00:00,42.25336,-70.67217,12.0,319.9,319,A
1193046,2026-01-15T12:22:40+00:00,42.39397,-70.91110,4.5,2.3,511,B
338999702,2026-01-15T12:22:43+00:00,42.29753,-70.77735,18.0,104.0,103,A
244999703,2026-01-15T12:22:46+00:00,42.18072,-70.35815,14.5,342.5,342,A
316999704,2026-01-15T12:22:49+00:00,42.36032,-70.63178,20.0,110.2,110,A
366999701,2026-01-15T12:22:50+00:00,42.25379,-70.67265,12.0,319.5,319,A
338654321,2026-01-15T12:22:50+00:00,42.44132,-70.76294,7.5,252.6,511,B
338999702,2026-01-15T12:22:53+00:00,42.29733,-70.77626,18.0,104.0,104,A
244999703,2026-01-15T12:22:56+00:00,42.18136,-70.35842,14.5,341.7,341,A
316999704,2026-01-15T12:22:59+00:00,42.36000,-70.63060,20.0,110.8,110,A
366999701,2026-01-15T12:23:00+00:00,42.25421,-70.67314,12.0,318.4,318,A
338123456,2026-01-15T12:23:00+00:00,42.29257,-70.91063,6.0,185.9,511,B
338999702,2026-01-15T12:23:03+00:00,42.29712,-70.77517,18.0,103.3,103,A
244999703,2026-01-15T12:23:06+00:00,42.18199,-70.35871,14.5,340.9,340,A
316999704,2026-01-15T12:23:09+00:00,42.35967,-70.62943,20.0,110.2,110,A
366999701,2026-01-15T12:23:10+00:00,42.25463,-70.67364,12.0,319.3,319,A
1193046,2026-01-15T12:23:10+00:00,42.39459,-70.91107,4.5,3.4,511,B
338999702,2026-01-15T12:23:13+00:00,42.29693,-70.77407,18.0,101.8,101,A
244999703,2026-01-15T12:23:16+00:00,42.18263,-70.35901,14.5,341.7,341,A
316999704,2026-01-15T12:23:19+00:00,42.35935,-70.62825,20.0,111.2,111,A
366999701,2026-01-15T12:23:20+00:00,42.25505,-70.67413,12.0,317.8,317,A
338654321,2026-01-15T12:23:20+00:00,42.44100,-70.76428,7.5,250.3,511,B
338999702,2026-01-15T12:23:23+00:00,42.29676,-70.77297,18.0,100.5,100,A
244999703,2026-01-15T12:23:26+00:00,42.18326,-70.35929,14.5,341.3,341,A
316999704,2026-01-15T12:23:29+00:00,42.35902,-70.62709,20.0,110.8,110,A
366999701,2026-01-15T12:23:30+00:00,42.25546,-70.67463,12.0,317.6,317,A
338123456,2026-01-15T12:23:30+00:00,42.29174,-70.91074,6.0,184.9,511,B
338999702,2026-01-15T12:23:33+00:00,42.29661,-70.77186,18.0,99.2,99,A
244999703,2026-01-15T12:23:36+00:00,42.18390,-70.35958,14.5,342.6,342,A
316999704,2026-01-15T12:23:39+00:00,42.35869,-70.62591,20.0,111.3,111,A
366999701,2026-01-15T12:23:40+00:00,42.25587,-70.67514,12.0,318.3,318,A
1193046,2026-01-15T12:23:40+00:00,42.39521,-70.91102,4.5,0.4,511,B
338999702,2026-01-15T12:23:43+00:00,42.29648,-70.77075,18.0,100.6,100,A
244999703,2026-01-15T12:23:46+00:00,42.18454,-70.35985,14.5,343.7,343,A
316999704,2026-01-15T12:23:49+00:00,42.35835,-70.62475,20.0,110.6,110,A
366999701,2026-01-15T12:23:50+00:00,42.25628,-70.67564,12.0,318.4,318,A
338654321,2026-01-15T12:23:50+00:00,42.44065,-70.76561,7.5,247.5,511,B
338999702,2026-01-15T12:23:53+00:00,42.29632,-70.76964,18.0,101.7,101,A
244999703,2026-01-15T12:23:56+00:00,42.18518,-70.36011,14.5,344.3,344,A
316999704,2026-01-15T12:23:59+00:00,42.35803,-70.62357,20.0,109.5,109,A
366999701,2026-01-15T12:24:00+00:00,42.25670,-70.67613,12.0,319.5,319,A
338123456,2026-01-15T12:24:00+00:00,42.29091,-70.91084,6.0,186.8,511,B
338999702,2026-01-15T12:24:03+00:00,42.29615,-70.76854,18.0,100.9,100,A
244999703,2026-01-15T12:24:06+00:00,42.18583,-70.36035,14.5,343.1,343,A
316999704,2026-01-15T12:24:09+00:00,42.35772,-70.62239,20.0,109.4,109,A
366999701,2026-01-15T12:24:10+00:00,42.25712,-70.67662,12.0,320.2,320,A
1193046,2026-01-15T12:24:10+00:00,42.39584,-70.91101,4.5,357.2,511,B
338999702,2026-01-15T12:24:13+00:00,42.29600,-70.76743,18.0,101.5,101,A
244999703,2026-01-15T12:24:16+00:00,42.18647,-70.36061,14.5,343.8,343,A
316999704,2026-01-15T12:24:19+00:00,42.35741,-70.62121,20.0,109.0,109,A
366999701,2026-01-15T12:24:20+00:00,42.25755,-70.67710,12.0,320.3,320,A
338654321,2026-01-15T12:24:20+00:00,42.44025,-70.76692,7.5,250.8,511,B
338999702,2026-01-15T12:24:23+00:00,42.29583,-70.76633,18.0,100.4,100,A
244999703,2026-01-15T12:24:26+00:00,42.18712,-70.36087,14.5,344.8,344,A
316999704,2026-01-15T12:24:29+00:00,42.35711,-70.62003,20.0,108.0,107,A
366999701,2026-01-15T12:24:30+00:00,42.25798,-70.67758,12.0,319.1,319,A
338123456,2026-01-15T12:24:30+00:00,42.29008,-70.91097,6.0,189.4,511,B
338999702,2026-01-15T12:24:33+00:00,42.29568,-70.76522,18.0,99.9,99,A
244999703,2026-01-15T12:24:36+00:00,42.18777,-70.36110,14.5,344.1,344,A
316999704,2026-01-15T12:24:39+00:00,42.35682,-70.61883,20.0,108.3,108,A
366999701,2026-01-15T12:24:40+00:00,42.25840,-70.67807,12.0,320.0,319,A
1193046,2026-01-15T12:24:40+00:00,42.39646,-70.91105,4.5,359.6,511,B
338999702,2026-01-15T12:24:43+00:00,42.29554,-70.76411,18.0,100.1,100,A
244999703,2026-01-15T12:24:46+00:00,42.18841,-70.36135,14.5,344.7,344,A
316999704,2026-01-15T12:24:49+00:00,42.35653,-70.61764,20.0,108.7,108,A
366999701,2026-01-15T12:24:50+00:00,42.25882,-70.67856,12.0,320.7,320,A
338654321,2026-01-15T12:24:50+00:00,42.43991,-70.76825,7.5,250.4,511,B
338999702,2026-01-15T12:24:53+00:00,42.29539,-70.76300,18.0,100.6,100,A
244999703,2026-01-15T12:24:56+00:00,42.18906,-70.36159,14.5,343.4,343,A
316999704,2026-01-15T12:24:59+00:00,42.35623,-70.61646,20.0,108.5,108,A
366999701,2026-01-15T12:25:00+00:00,42.25925,-70.67903,12.0,320.3,320,A
338123456,2026-01-15T12:25:00+00:00,42.28926,-70.91116,6.0,187.6,511,B
338999702,2026-01-15T12:25:03+00:00,42.29524,-70.76189,18.0,101.7,101,A
244999703,2026-01-15T12:25:06+00:00,42.18970,-70.36185,14.5,343.3,343,A
316999704,2026-01-15T12:25:09+00:00,42.35594,-70.61527,20.0,109.1,109,A
366999701,2026-01-15T12:25:10+00:00,42.25968,-70.67951,12.0,319.8,319,A
1193046,2026-01-15T12:25:10+00:00,42.39709,-70.91106,4.5,360.0,511,B
338999702,2026-01-15T12:25:13+00:00,42.29507,-70.76079,18.0,101.6,101,A
244999703,2026-01-15T12:25:16+00:00,42.19035,-70.36211,14.5,343.9,343,A
316999704,2026-01-15T12:25:19+00:00,42.35564,-70.61409,20.0,110.5,110,A
366999701,2026-01-15T12:25:20+00:00,42.26010,-70.67999,12.0,320.8,320,A
338654321,2026-01-15T12:25:20+00:00,42.43956,-70.76958,7.5,249.9,511,B
338999702,2026-01-15T12:25:23+00:00,42.29490,-70.75969,18.0,102.0,102,A
244999703,2026-01-15T12:25:26+00:00,42.19099,-70.36236,14.5,344.3,344,A
316999704,2026-01-15T12:25:29+00:00,42.35531,-70.61291,20.0,111.5,111,A
366999701,2026-01-15T12:25:30+00:00,42.26053,-70.68047,12.0,319.5,319,A
338123456,2026-01-15T12:25:30+00:00,42.28843,-70.91131,6.0,190.9,511,B
338999702,2026-01-15T12:25:33+00:00,42.29473,-70.75858,18.0,101.8,101,A
244999703,2026-01-15T12:25:36+00:00,42.19164,-70.36261,14.5,344.9,344,A
316999704,2026-01-15T12:25:39+00:00,42.35497,-70.61175,20.0,112.3,112,A
366999701,2026-01-15T12:25:40+00:00,42.26096,-70.68096,12.0,320.0,319,A
1193046,2026-01-15T12:25:40+00:00,42.39771,-70.91106,4.5,1.8,511,B
338999702,2026-01-15T12:25:43+00:00,42.29456,-70.75748,18.0,102.3,102,A
244999703,2026-01-15T12:25:46+00:00,42.19228,-70.36284,14.5,343.8,343,A
316999704,2026-01-15T12:25:49+00:00,42.35462,-70.61059,20.0,112.8,112,A
366999701,2026-01-15T12:25:50+00:00,42.26138,-70.68144,12.0,320.4,320,A
338654321,2026-01-15T12:25:50+00:00,42.43921,-70.77090,7.5,249.0,511,B
338999702,2026-01-15T12:25:53+00:00,42.29438,-70.75638,18.0,103.7,103,A
244999703,2026-01-15T12:25:56+00:00,42.19293,-70.36310,14.5,344.7,344,A
316999704,2026-01-15T12:25:59+00:00,42.35426,-70.60943,20.0,113.3,113,A
366999701,2026-01-15T12:26:00+00:00,42.26181,-70.68192,12.0,320.8,320,A
338123456,2026-01-15T12:26:00+00:00,42.28761,-70.91152,6.0,188.6,511,B
338999702,2026-01-15T12:26:03+00:00,42.29418,-70.75529,18.0,104.9,104,A
244999703,2026-01-15T12:26:06+00:00,42.19358,-70.36333,14.5,343.6,343,A
316999704,2026-01-15T12:26:09+00:00,42.35390,-70.60828,20.0,114.2,114,A
366999701,2026-01-15T12:26:10+00:00,42.26224,-70.68239,12.0,321.5,321,A
1193046,2026-01-15T12:26:10+00:00,42.39834,-70.91103,4.5,0.6,511,B
338999702,2026-01-15T12:26:13+00:00,42.29397,-70.75420,18.0,103.5,103,A
244999703,2026-01-15T12:26:16+00:00,42.19422,-70.36359,14.5,342.7,342,A
316999704,2026-01-15T12:26:19+00:00,42.35352,-70.60714,20.0,113.0,113,A
366999701,2026-01-15T12:26:20+00:00,42.26267,-70.68286,12.0,320.3,320,A
338654321,2026-01-15T12:26:20+00:00,42.43883,-70.77222,7.5,249.5,511,B
338999702,2026-01-15T12:26:23+00:00,42.29378,-70.75310,18.0,104.2,104,A
244999703,2026-01-15T12:26:26+00:00,42.19486,-70.36386,14.5,343.3,343,A
316999704,2026-01-15T12:26:29+00:00,42.35316,-70.60598,20.0,113.2,113,A
366999701,2026-01-15T12:26:30+00:00,42.26310,-70.68334,12.0,321.5,321,A
338123456,2026-01-15T12:26:30+00:00,42.28679,-70.91169,6.0,189.2,511,B
338999702,2026-01-15T12:26:33+00:00,42.29357,-70.75201,18.0,105.6,105,A
244999703,2026-01-15T12:26:36+00:00,42.19551,-70.36412,14.5,342.8,342,A
316999704,2026-01-15T12:26:39+00:00,42.35279,-70.60483,20.0,114.2,114,A
366999701,2026-01-15T12:26:40+00:00,42.26354,-70.68381,12.0,322.1,322,A
1193046,2026-01-15T12:26:40+00:00,42.39896,-70.91102,4.5,357.4,511,B
338999702,2026-01-15T12:26:43+00:00,42.29335,-70.75093,18.0,105.3,105,A
244999703,2026-01-15T12:26:46+00:00,42.19615,-70.36439,14.5,342.2,342,A
316999704,2026-01-15T12:26:49+00:00,42.35241,-70.60369,20.0,112.9,112,A
366999701,2026-01-15T12:26:50+00:00,42.26398,-70.68427,12.0,321.5,321,A
338654321,2026-01-15T12:26:50+00:00,42.43847,-70.77354,7.5,249.4,511,B
338999702,2026-01-15T12:26:53+00:00,42.29313,-70.74984,18.0,105.2,105,A
244999703,2026-01-15T12:26:56+00:00,42.19679,-70.36466,14.5,343.1,343,A
316999704,2026-01-15T12:26:59+00:00,42.35205,-70.60254,20.0,114.2,114,A
366999701,2026-01-15T12:27:00+00:00,42.26441,-70.68473,12.0,320.9,320,A
338123456,2026-01-15T12:27:00+00:00,42.28597,-70.91187,6.0,191.8,511,B
338999702,2026-01-15T12:27:03+00:00,42.29291,-70.74875,18.0,103.8,103,A
244999703,2026-01-15T12:27:06+00:00,42.19743,-70.36493,14.5,342.5,342,A
316999704,2026-01-15T12:27:09+00:00,42.35167,-70.60139,20.0,113.8,113,A
366999701,2026-01-15T12:27:10+00:00,42.26484,-70.68521,12.0,320.0,319,A
1193046,2026-01-15T12:27:10+00:00,42.39959,-70.91106,4.5,1.3,511,B
338999702,2026-01-15T12:27:13+00:00,42.29271,-70.74766,18.0,105.0,105,A
244999703,2026-01-15T12:27:16+00:00,42.19807,-70.36520,14.5,343.9,343,A
316999704,2026-01-15T12:27:19+00:00,42.35130,-70.60025,20.0,114.4,114,A
366999701,2026-01-15T12:27:20+00:00,42.26527,-70.68569,12.0,320.8,320,A
338654321,2026-01-15T12:27:20+00:00,42.43810,-70.77487,7.5,253.2,511,B
338999702,2026-01-15T12:27:23+00:00,42.29249,-70.74657,18.0,103.6,103,A
244999703,2026-01-15T12:27:26+00:00,42.19871,-70.36545,14.5,345.1,345,A
316999704,2026-01-15T12:27:29+00:00,42.35092,-70.59911,20.0,113.9,113,A
366999701,2026-01-15T12:27:30+00:00,42.26570,-70.68617,12.0,319.7,319,A
338123456,2026-01-15T12:27:30+00:00,42.28515,-70.91210,6.0,190.2,511,B
338999702,2026-01-15T12:27:33+00:00,42.29230,-70.74547,18.0,102.2,102,A
244999703,2026-01-15T12:27:36+00:00,42.19936,-70.36568,14.5,344.5,344,A
316999704,2026-01-15T12:27:39+00:00,42.35054,-70.59796,20.0,115.0,115,A
366999701,2026-01-15T12:27:40+00:00,42.26612,-70.68665,12.0,318.8,318,A
1193046,2026-01-15T12:27:40+00:00,42.40021,-70.91104,4.5,3.1,511,B
338999702,2026-01-15T12:27:43+00:00,42.29212,-70.74437,18.0,102.8,102,A
244999703,2026-01-15T12:27:46+00:00,42.20001,-70.36593,14.5,344.1,344,A
316999704,2026-01-15T12:27:49+00:00,42.35015,-70.59683,20.0,114.7,114,A
366999701,2026-01-15T12:27:50+00:00,42.26654,-70.68714,12.0,318.6,318,A
338654321,2026-01-15T12:27:50+00:00,42.43780,-70.77622,7.5,250.7,511,B
338999702,2026-01-15T12:27:53+00:00,42.29194,-70.74327,18.0,102.4,102,A
244999703,2026-01-15T12:27:56+00:00,42.20065,-70.36617,14.5,343.8,343,A
316999704,2026-01-15T12:27:59+00:00,42.34976,-70.59569,20.0,113.4,113,A
366999701,2026-01-15T12:28:00+00:00,42.26696,-70.68764,12.0,318.9,318,A
338123456,2026-01-15T12:28:00+00:00,42.28433,-70.91230,6.0,192.3,511,B
338999702,2026-01-15T12:28:03+00:00,42.29176,-70.74217,18.0,101.4,101,A
244999703,2026-01-15T12:28:06+00:00,42.20130,-70.36643,14.5,343.9,343,A
316999704,2026-01-15T12:28:09+00:00,42.34939,-70.59454,20.0,112.1,112,A
366999701,2026-01-15T12:28:10+00:00,42.26738,-70.68813,12.0,317.5,317,A
1193046,2026-01-15T12:28:10+00:00,42.40084,-70.91100,4.5,4.4,511,B
338999702,2026-01-15T12:28:13+00:00,42.29159,-70.74107,18.0,101.2,101,A
244999703,2026-01-15T12:28:16+00:00,42.20194,-70.36668,14.5,345.2,345,A
316999704,2026-01-15T12:28:19+00:00,42.34905,-70.59338,20.0,110.6,110,A
366999701,2026-01-15T12:28:20+00:00,42.26778,-70.68864,12.0,316.3,316,A
338654321,2026-01-15T12:28:20+00:00,42.43746,-70.77755,7.5,250.0,511,B
338999702,2026-01-15T12:28:23+00:00,42.29143,-70.73996,18.0,101.8,101,A
244999703,2026-01-15T12:28:26+00:00,42.20259,-70.36691,14.5,345.4,345,A
316999704,2026-01-15T12:28:29+00:00,42.34872,-70.59220,20.0,110.8,110,A
366999701,2026-01-15T12:28:30+00:00,42.26819,-70.68916,12.0,315.0,315,A
338123456,2026-01-15T12:28:30+00:00,42.28352,-70.91254,6.0,188.4,511,B
338999702,2026-01-15T12:28:33+00:00,42.29126,-70.73886,18.0,101.2,101,A
244999703,2026-01-15T12:28:36+00:00,42.20324,-70.36714,14.5,345.1,345,A
316999704,2026-01-15T12:28:39+00:00,42.34839,-70.59103,20.0,111.4,111,A
366999701,2026-01-15T12:28:40+00:00,42.26858,-70.68969,12.0,313.9,313,A
1193046,2026-01-15T12:28:40+00:00,42.40146,-70.91093,4.5,7.3,511,B
338999702,2026-01-15T12:28:43+00:00,42.29110,-70.73776,18.0,100.1,100,A
244999703,2026-01-15T12:28:46+00:00,42.20389,-70.36737,14.5,345.2,345,A
316999704,2026-01-15T12:28:49+00:00,42.34805,-70.58987,20.0,110.4,110,A
366999701,2026-01-15T12:28:50+00:00,42.26896,-70.69023,12.0,313.2,313,A
338654321,2026-01-15T12:28:50+00:00,42.43710,-70.77888,7.5,246.2,511,B
338999702,2026-01-15T12:28:53+00:00,42.29095,-70.73665,18.0,101.0,100,A
244999703,2026-01-15T12:28:56+00:00,42.20454,-70.36760,14.5,345.4,345,A
316999704,2026-01-15T12:28:59+00:00,42.34773,-70.58869,20.0,110.7,110,A
366999701,2026-01-15T12:29:00+00:00,42.26934,-70.69078,12.0,312.1,312,A
338123456,2026-01-15T12:29:00+00:00,42.28269,-70.91270,6.0,186.5,511,B
338999702,2026-01-15T12:29:03+00:00,42.29080,-70.73554,18.0,101.5,101,A
244999703,2026-01-15T12:29:06+00:00,42.20519,-70.36783,14.5,345.7,345,A
316999704,2026-01-15T12:29:09+00:00,42.34740,-70.58752,20.0,111.2,111,A
366999701,2026-01-15T12:29:10+00:00,42.26972,-70.69134,12.0,312.4,312,A
1193046,2026-01-15T12:29:10+00:00,42.40208,-70.91083,4.5,3.9,511,B
338999702,2026-01-15T12:29:13+00:00,42.29063,-70.73444,18.0,100.7,100,A
244999703,2026-01-15T12:29:16+00:00,42.20584,-70.36805,14.5,346.1,346,A
316999704,2026-01-15T12:29:19+00:00,42.34707,-70.58635,20.0,109.7,109,A
366999701,2026-01-15T12:29:20+00:00,42.27009,-70.69189,12.0,312.7,312,A
338654321,2026-01-15T12:29:20+00:00,42.43668,-70.78017,7.5,247.5,511,B
338999702,2026-01-15T12:29:23+00:00,42.29048,-70.73333,18.0,101.1,101,A
244999703,2026-01-15T12:29:26+00:00,42.20649,-70.36827,14.5,344.8,344,A
316999704,2026-01-15T12:29:29+00:00,42.34676,-70.58517,20.0,109.1,109,A
366999701,2026-01-15T12:29:30+00:00,42.27047,-70.69244,12.0,312.5,312,A
338123456,2026-01-15T12:29:30+00:00,42.28186,-70.91283,6.0,188.7,511,B
338999702,2026-01-15T12:29:33+00:00,42.29032,-70.73223,18.0,100.8,100,A
244999703,2026-01-15T12:29:36+00:00,42.20714,-70.36851,14.5,345.2,345,A
316999704,2026-01-15T12:29:39+00:00,42.34645,-70.58399,20.0,110.1,110,A
366999701,2026-01-15T12:29:40+00:00,42.27084,-70.69300,12.0,313.1,313,A
1193046,2026-01-15T12:29:40+00:00,42.40270,-70.91077,4.5,5.9,511,B
338999702,2026-01-15T12:29:43+00:00,42.29016,-70.73112,18.0,100.7,100,A
244999703,2026-01-15T12:29:46+00:00,42.20779,-70.36874,14.5,345.5,345,A
316999704,2026-01-15T12:29:49+00:00,42.34613,-70.58281,20.0,110.5,110,A
366999701,2026-01-15T12:29:50+00:00,42.27122,-70.69354,12.0,312.1,312,A
338654321,2026-01-15T12:29:50+00:00,42.43628,-70.78147,7.5,249.9,511,B
338999702,2026-01-15T12:29:53+00:00,42.29000,-70.73001,18.0,101.9,101,A
244999703,2026-01-15T12:29:56+00:00,42.20844,-70.36897,14.5,345.3,345,A
316999704,2026-01-15T12:29:59+00:00,42.34581,-70.58164,20.0,110.4,110,A
366999701,2026-01-15T12:30:00+00:00,42.27160,-70.69410,12.0,311.4,311,A
338123456,2026-01-15T12:30:00+00:00,42.28104,-70.91300,6.0,188.6,511,B
338999702,2026-01-15T12:30:03+00:00,42.28983,-70.72891,18.0,100.7,100,A
244999703,2026-01-15T12:30:06+00:00,42.20909,-70.36920,14.5,344.2,344,A
316999704,2026-01-15T12:30:09+00:00,42.34549,-70.58047,20.0,109.0,108,A
366999701,2026-01-15T12:30:10+00:00,42.27196,-70.69466,12.0,312.0,312,A
1193046,2026-01-15T12:30:10+00:00,42.40332,-70.91068,4.5,8.8,511,B
338999702,2026-01-15T12:30:13+00:00,42.28968,-70.72780,18.0,101.0,100,A
244999703,2026-01-15T12:30:16+00:00,42.20973,-70.36944,14.5,343.5,343,A
316999704,2026-01-15T12:30:19+00:00,42.34519,-70.57928,20.0,107.6,107,A
366999701,2026-01-15T12:30:20+00:00,42.27233,-70.69522,12.0,311.0,310,A
338654321,2026-01-15T12:30:20+00:00,42.43592,-70.78280,7.5,246.2,511,B
338999702,2026-01-15T12:30:23+00:00,42.28952,-70.72670,18.0,100.0,100,A
244999703,2026-01-15T12:30:26+00:00,42.21038,-70.36970,14.5,343.9,343,A
316999704,2026-01-15T12:30:29+00:00,42.34491,-70.57809,20.0,107.9,107,A
366999701,2026-01-15T12:30:30+00:00,42.27270,-70.69579,12.0,311.7,311,A
338123456,2026-01-15T12:30:30+00:00,42.28022,-70.91317,6.0,192.1,511,B
338999702,2026-01-15T12:30:33+00:00,42.28937,-70.72559,18.0,99.3,99,A
244999703,2026-01-15T12:30:36+00:00,42.21102,-70.36995,14.5,343.1,343,A
316999704,2026-01-15T12:30:39+00:00,42.34462,-70.57689,20.0,106.7,106,A
366999701,2026-01-15T12:30:40+00:00,42.27307,-70.69635,12.0,310.3,310,A
1193046,2026-01-15T12:30:40+00:00,42.40394,-70.91055,4.5,10.7,511,B
338999702,2026-01-15T12:30:43+00:00,42.28924,-70.72448,18.0,99.1,99,A
244999703,2026-01-15T12:30:46+00:00,42.21167,-70.37022,14.5,342.3,342,A
316999704,2026-01-15T12:30:49+00:00,42.34435,-70.57569,20.0,106.5,106,A
366999701,2026-01-15T12:30:50+00:00,42.27343,-70.69692,12.0,311.7,311,A
338654321,2026-01-15T12:30:50+00:00,42.43550,-70.78409,7.5,242.9,511,B
338999702,2026-01-15T12:30:53+00:00,42.28911,-70.72336,18.0,97.8,97,A
244999703,2026-01-15T12:30:56+00:00,42.21230,-70.37049,14.5,343.6,343,A
316999704,2026-01-15T12:30:59+00:00,42.34409,-70.57449,20.0,106.1,106,A
366999701,2026-01-15T12:31:00+00:00,42.27380,-70.69748,12.0,310.3,310,A
338123456,2026-01-15T12:31:00+00:00,42.27940,-70.91341,6.0,194.1,511,B
338999702,2026-01-15T12:31:03+00:00,42.28899,-70.72225,18.0,99.1,99,A
244999703,2026-01-15T12:31:06+00:00,42.21295,-70.37075,14.5,344.4,344,A
316999704,2026-01-15T12:31:09+00:00,42.34383,-70.57329,20.0,106.3,106,A
366999701,2026-01-15T12:31:10+00:00,42.27416,-70.69805,12.0,311.8,311,A
1193046,2026-01-15T12:31:10+00:00,42.40456,-70.91040,4.5,9.5,511,B
338999702,2026-01-15T12:31:13+00:00,42.28886,-70.72114,18.0,98.3,98,A
244999703,2026-01-15T12:31:16+00:00,42.21360,-70.37099,14.5,345.3,345,A
316999704,2026-01-15T12:31:19+00:00,42.34357,-70.57209,20.0,106.0,106,A
366999701,2026-01-15T12:31:20+00:00,42.27453,-70.69861,12.0,311.0,311,A
338654321,2026-01-15T12:31:20+00:00,42.43503,-70.78534,7.5,245.2,511,B
338999702,2026-01-15T12:31:23+00:00,42.28874,-70.72002,18.0,99.8,99,A
244999703,2026-01-15T12:31:26+00:00,42.21424,-70.37122,14.5,344.9,344,A
316999704,2026-01-15T12:31:29+00:00,42.34332,-70.57088,20.0,105.4,105,A
366999701,2026-01-15T12:31:30+00:00,42.27489,-70.69918,12.0,310.8,310,A
338123456,2026-01-15T12:31:30+00:00,42.27859,-70.91368,6.0,196.5,511,B
338999702,2026-01-15T12:31:33+00:00,42.28860,-70.71891,18.0,98.6,98,A
244999703,2026-01-15T12:31:36+00:00,42.21489,-70.37146,14.5,343.9,343,A
316999704,2026-01-15T12:31:39+00:00,42.34307,-70.56968,20.0,106.4,106,A
366999701,2026-01-15T12:31:40+00:00,42.27526,-70.69975,12.0,309.7,309,A
1193046,2026-01-15T12:31:40+00:00,42.40517,-70.91025,4.5,12.6,511,B
338999702,2026-01-15T12:31:43+00:00,42.28848,-70.71780,18.0,98.5,98,A
244999703,2026-01-15T12:31:46+00:00,42.21554,-70.37171,14.5,344.5,344,A
316999704,2026-01-15T12:31:49+00:00,42.34281,-70.56847,20.0,107.4,107,A
366999701,2026-01-15T12:31:50+00:00,42.27561,-70.70033,12.0,309.6,309,A
338654321,2026-01-15T12:31:50+00:00,42.43459,-70.78663,7.5,248.2,511,B
338999702,2026-01-15T12:31:53+00:00,42.28835,-70.71668,18.0,99.7,99,A
244999703,2026-01-15T12:31:56+00:00,42.21619,-70.37195,14.5,345.6,345,A
316999704,2026-01-15T12:31:59+00:00,42.34254,-70.56728,20.0,108.4,108,A
366999701,2026-01-15T12:32:00+00:00,42.27597,-70.70091,12.0,310.7,310,A
338123456,2026-01-15T12:32:00+00:00,42.27779,-70.91400,6.0,199.4,511,B
338999702,2026-01-15T12:32:03+00:00,42.28821,-70.71557,18.0,98.9,98,A
244999703,2026-01-15T12:32:06+00:00,42.21684,-70.37217,14.5,346.5,346,A
316999704,2026-01-15T12:32:09+00:00,42.34224,-70.56609,20.0,109.8,109,A
366999701,2026-01-15T12:32:10+00:00,42.27633,-70.70147,12.0,310.8,310,A
1193046,2026-01-15T12:32:10+00:00,42.40578,-70.91007,4.5,12.2,511,B
338999702,2026-01-15T12:32:13+00:00,42.28808,-70.71446,18.0,99.8,99,A
244999703,2026-01-15T12:32:16+00:00,42.21749,-70.37239,14.5,345.4,345,A
316999704,2026-01-15T12:32:19+00:00,42.34193,-70.56491,20.0,108.9,108,A
366999701,2026-01-15T12:32:20+00:00,42.27669,-70.70204,12.0,309.8,309,A
338654321,2026-01-15T12:32:20+00:00,42.43420,-70.78794,7.5,249.3,511,B
338999702,2026-01-15T12:32:23+00:00,42.28794,-70.71335,18.0,100.4,100,A
244999703,2026-01-15T12:32:26+00:00,42.21814,-70.37261,14.5,345.6,345,A
316999704,2026-01-15T12:32:29+00:00,42.34163,-70.56373,20.0,108.6,108,A
366999701,2026-01-15T12:32:30+00:00,42.27705,-70.70262,12.0,309.7,309,A
338123456,2026-01-15T12:32:30+00:00,42.27701,-70.91438,6.0,202.4,511,B
338999702,2026-01-15T12:32:33+00:00,42.28779,-70.71224,18.0,100.9,100,A
244999703,2026-01-15T12:32:36+00:00,42.21879,-70.37284,14.5,345.4,345,A
316999704,2026-01-15T12:32:39+00:00,42.34133,-70.56254,20.0,108.3,108,A
366999701,2026-01-15T12:32:40+00:00,42.27740,-70.70320,12.0,310.7,310,A
1193046,2026-01-15T12:32:40+00:00,42.40639,-70.90989,4.5,9.7,511,B
338999702,2026-01-15T12:32:43+00:00,42.28763,-70.71114,18.0,101.7,101,A
244999703,2026-01-15T12:32:46+00:00,42.21944,-70.37307,14.5,344.2,344,A
316999704,2026-01-15T12:32:49+00:00,42.34104,-70.56135,20.0,108.6,108,A
366999701,2026-01-15T12:32:50+00:00,42.27776,-70.70377,12.0,310.5,310,A
338654321,2026-01-15T12:32:50+00:00,42.43384,-70.78926,7.5,252.4,511,B
338999702,2026-01-15T12:32:53+00:00,42.28746,-70.71003,18.0,102.7,102,A
244999703,2026-01-15T12:32:56+00:00,42.22008,-70.37332,14.5,345.4,345,A
316999704,2026-01-15T12:32:59+00:00,42.34075,-70.56016,20.0,108.8,108,A
366999701,2026-01-15T12:33:00+00:00,42.27813,-70.70434,12.0,311.3,311,A
338123456,2026-01-15T12:33:00+00:00,42.27624,-70.91481,6.0,200.0,511,B
338999702,2026-01-15T12:33:03+00:00,42.28728,-70.70893,18.0,101.3,101,A
244999703,2026-01-15T12:33:06+00:00,42.22073,-70.37355,14.5,344.4,344,A
316999704,2026-01-15T12:33:09+00:00,42.34045,-70.55898,20.0,108.0,107,A
366999701,2026-01-15T12:33:10+00:00,42.27849,-70.70490,12.0,309.8,309,A
1193046,2026-01-15T12:33:10+00:00,42.40701,-70.90975,4.5,8.2,511,B
338999702,2026-01-15T12:33:13+00:00,42.28712,-70.70783,18.0,100.8,100,A
244999703,2026-01-15T12:33:16+00:00,42.22138,-70.37379,14.5,344.0,343,A
316999704,2026-01-15T12:33:19+00:00,42.34016,-70.55778,20.0,107.1,107,A
366999701,2026-01-15T12:33:20+00:00,42.27885,-70.70548,12.0,310.8,310,A
338654321,2026-01-15T12:33:20+00:00,42.43352,-70.79060,7.5,250.8,511,B
338999702,2026-01-15T12:33:23+00:00,42.28696,-70.70672,18.0,100.0,100,A
244999703,2026-01-15T12:33:26+00:00,42.22202,-70.37404,14.5,343.2,343,A
316999704,2026-01-15T12:33:29+00:00,42.33989,-70.55659,20.0,106.0,105,A
366999701,2026-01-15T12:33:30+00:00,42.27921,-70.70605,12.0,312.3,312,A
338123456,2026-01-15T12:33:30+00:00,42.27546,-70.91519,6.0,196.4,511,B
338999702,2026-01-15T12:33:33+00:00,42.28681,-70.70561,18.0,100.6,100,A
244999703,2026-01-15T12:33:36+00:00,42.22267,-70.37430,14.5,344.3,344,A
316999704,2026-01-15T12:33:39+00:00,42.33964,-70.55538,20.0,105.0,104,A
366999701,2026-01-15T12:33:40+00:00,42.27958,-70.70660,12.0,312.2,312,A
1193046,2026-01-15T12:33:40+00:00,42.40763,-70.90963,4.5,4.9,511,B
338999702,2026-01-15T12:33:43+00:00,42.28666,-70.70451,18.0,100.8,100,A
244999703,2026-01-15T12:33:46+00:00,42.22331,-70.37455,14.5,345.7,345,A
316999704,2026-01-15T12:33:49+00:00,42.33940,-70.55417,20.0,104.3,104,A
366999701,2026-01-15T12:33:50+00:00,42.27996,-70.70716,12.0,312.5,312,A
338654321,2026-01-15T12:33:50+00:00,42.43318,-70.79193,7.5,249.3,511,B
338999702,2026-01-15T12:33:53+00:00,42.28651,-70.70340,18.0,101.6,101,A
244999703,2026-01-15T12:33:56+00:00,42.22396,-70.37477,14.5,345.8,345,A
316999704,2026-01-15T12:33:59+00:00,42.33917,-70.55296,20.0,105.5,105,A
366999701,2026-01-15T12:34:00+00:00,42.28033,-70.70771,12.0,313.7,313,A
338123456,2026-01-15T12:34:00+00:00,42.27466,-70.91551,6.0,192.4,511,B
338999702,2026-01-15T12:34:03+00:00,42.28634,-70.70230,18.0,101.7,101,A
244999703,2026-01-15T12:34:06+00:00,42.22461,-70.37499,14.5,346.2,346,A
316999704,2026-01-15T12:34:09+00:00,42.33892,-70.55175,20.0,105.6,105,A
366999701,2026-01-15T12:34:10+00:00,42.28072,-70.70825,12.0,314.9,314,A
1193046,2026-01-15T12:34:10+00:00,42.40825,-70.90956,4.5,1.4,511,B
338999702,2026-01-15T12:34:13+00:00,42.28617,-70.70119,18.0,101.5,101,A
244999703,2026-01-15T12:34:16+00:00,42.22527,-70.37521,14.5,345.7,345,A
316999704,2026-01-15T12:34:19+00:00,42.33867,-70.55055,20.0,106.2,106,A
366999701,2026-01-15T12:34:20+00:00,42.28111,-70.70879,12.0,314.2,314,A
338654321,2026-01-15T12:34:20+00:00,42.43281,-70.79325,7.5,253.2,511,B
338999702,2026-01-15T12:34:23+00:00,42.28600,-70.70009,18.0,101.9,101,A
244999703,2026-01-15T12:34:26+00:00,42.22592,-70.37543,14.5,346.1,346,A
316999704,2026-01-15T12:34:29+00:00,42.33841,-70.54934,20.0,105.7,105,A
366999701,2026-01-15T12:34:30+00:00,42.28150,-70.70932,12.0,314.8,314,A
338123456,2026-01-15T12:34:30+00:00,42.27384,-70.91575,6.0,196.2,511,B
338999702,2026-01-15T12:34:33+00:00,42.28583,-70.69899,18.0,101.4,101,A
244999703,2026-01-15T12:34:36+00:00,42.22657,-70.37565,14.5,345.4,345,A
316999704,2026-01-15T12:34:39+00:00,42.33816,-70.54814,20.0,106.9,106,A
366999701,2026-01-15T12:34:40+00:00,42.28189,-70.70986,12.0,315.8,315,A
1193046,2026-01-15T12:34:40+00:00,42.40888,-70.90954,4.5,358.7,511,B
338999702,2026-01-15T12:34:43+00:00,42.28567,-70.69788,18.0,101.8,101,A
244999703,2026-01-15T12:34:46+00:00,42.22722,-70.37588,14.5,346.5,346,A
316999704,2026-01-15T12:34:49+00:00,42.33789,-70.54694,20.0,106.5,106,A
366999701,2026-01-15T12:34:50+00:00,42.28229,-70.71038,12.0,315.6,315,A
338654321,2026-01-15T12:34:50+00:00,42.43251,-70.79461,7.5,253.5,511,B
338999702,2026-01-15T12:34:53+00:00,42.28550,-70.69678,18.0,101.6,101,A
244999703,2026-01-15T12:34:56+00:00,42.22787,-70.37609,14.5,346.8,346,A
316999704,2026-01-15T12:34:59+00:00,42.33763,-70.54574,20.0,107.4,107,A
366999701,2026-01-15T12:35:00+00:00,42.28268,-70.71091,12.0,314.8,314,A
338123456,2026-01-15T12:35:00+00:00,42.27304,-70.91607,6.0,196.5,511,B
338999702,2026-01-15T12:35:03+00:00,42.28533,-70.69568,18.0,102.4,102,A
244999703,2026-01-15T12:35:06+00:00,42.22852,-70.37630,14.5,345.4,345,A
316999704,2026-01-15T12:35:09+00:00,42.33735,-70.54454,20.0,107.6,107,A
366999701,2026-01-15T12:35:10+00:00,42.28307,-70.71144,12.0,314.8,314,A
1193046,2026-01-15T12:35:10+00:00,42.40950,-70.90956,4.5,356.3,511,B
338999702,2026-01-15T12:35:13+00:00,42.28515,-70.69458,18.0,103.6,103,A
244999703,2026-01-15T12:35:16+00:00,42.22917,-70.37653,14.5,344.9,344,A
316999704,2026-01-15T12:35:19+00:00,42.33707,-70.54335,20.0,107.6,107,A
366999701,2026-01-15T12:35:20+00:00,42.28347,-70.71197,12.0,315.8,315,A
338654321,2026-01-15T12:35:20+00:00,42.43221,-70.79596,7.5,252.8,511,B
338999702,2026-01-15T12:35:23+00:00,42.28495,-70.69348,18.0,103.2,103,A
244999703,2026-01-15T12:35:26+00:00,42.22982,-70.37676,14.5,344.7,344,A
316999704,2026-01-15T12:35:29+00:00,42.33679,-70.54215,20.0,108.3,108,A
366999701,2026-01-15T12:35:30+00:00,42.28386,-70.71250,12.0,317.1,317,A
338123456,2026-01-15T12:35:30+00:00,42.27224,-70.91639,6.0,193.1,511,B
338999702,2026-01-15T12:35:33+00:00,42.28476,-70.69239,18.0,104.0,104,A
244999703,2026-01-15T12:35:36+00:00,42.23047,-70.37700,14.5,343.3,343,A
316999704,2026-01-15T12:35:39+00:00,42.33650,-70.54096,20.0,109.7,109,A
366999701,2026-01-15T12:35:40+00:00,42.28427,-70.71301,12.0,317.0,317,A
1193046,2026-01-15T12:35:40+00:00,42.41012,-70.90961,4.5,357.3,511,B
338999702,2026-01-15T12:35:43+00:00,42.28456,-70.69129,18.0,105.0,104,A
244999703,2026-01-15T12:35:46+00:00,42.23111,-70.37726,14.5,343.1,343,A
316999704,2026-01-15T12:35:49+00:00,42.33619,-70.53978,20.0,110.0,110,A
366999701,2026-01-15T12:35:50+00:00,42.28468,-70.71352,12.0,315.9,315,A
338654321,2026-01-15T12:35:50+00:00,42.43191,-70.79731,7.5,252.6,511,B
338999702,2026-01-15T12:35:53+00:00,42.28434,-70.69020,18.0,106.0,105,A
244999703,2026-01-15T12:35:56+00:00,42.23176,-70.37753,14.5,343.2,343,A
316999704,2026-01-15T12:35:59+00:00,42.33588,-70.53861,20.0,110.0,109,A
366999701,2026-01-15T12:36:00+00:00,42.28508,-70.71404,12.0,316.4,316,A
338123456,2026-01-15T12:36:00+00:00,42.27143,-70.91664,6.0,190.2,511,B
338999702,2026-01-15T12:36:03+00:00,42.28412,-70.68912,18.0,106.6,106,A
244999703,2026-01-15T12:36:06+00:00,42.23240,-70.37779,14.5,342.0,341,A
316999704,2026-01-15T12:36:09+00:00,42.33556,-70.53743,20.0,109.9,109,A
366999701,2026-01-15T12:36:10+00:00,42.28548,-70.71456,12.0,316.2,316,A
1193046,2026-01-15T12:36:10+00:00,42.41075,-70.90965,4.5,1.2,511,B
338999702,2026-01-15T12:36:13+00:00,42.28388,-70.68804,18.0,106.5,106,A
244999703,2026-01-15T12:36:16+00:00,42.23304,-70.37807,14.5,341.2,341,A
316999704,2026-01-15T12:36:19+00:00,42.33524,-70.53625,20.0,108.6,108,A
366999701,2026-01-15T12:36:20+00:00,42.28588,-70.71508,12.0,316.2,316,A
338654321,2026-01-15T12:36:20+00:00,42.43159,-70.79865,7.5,251.8,511,B
338999702,2026-01-15T12:36:23+00:00,42.28364,-70.68696,18.0,105.2,105,A
244999703,2026-01-15T12:36:26+00:00,42.23367,-70.37836,14.5,339.7,339,A
316999704,2026-01-15T12:36:29+00:00,42.33495,-70.53507,20.0,108.2,108,A
366999701,2026-01-15T12:36:30+00:00,42.28628,-70.71560,12.0,315.6,315,A
338123456,2026-01-15T12:36:30+00:00,42.27061,-70.91684,6.0,190.1,511,B
338999702,2026-01-15T12:36:33+00:00,42.28342,-70.68587,18.0,105.0,104,A
244999703,2026-01-15T12:36:36+00:00,42.23430,-70.37868,14.5,340.8,340,A
316999704,2026-01-15T12:36:39+00:00,42.33466,-70.53388,20.0,107.3,107,A
366999701,2026-01-15T12:36:40+00:00,42.28668,-70.71612,12.0,314.4,314,A
1193046,2026-01-15T12:36:40+00:00,42.41137,-70.90963,4.5,359.9,511,B
338999702,2026-01-15T12:36:43+00:00,42.28321,-70.68479,18.0,104.2,104,A
244999703,2026-01-15T12:36:46+00:00,42.23494,-70.37897,14.5,340.5,340,A
316999704,2026-01-15T12:36:49+00:00,42.33439,-70.53268,20.0,107.1,107,A
366999701,2026-01-15T12:36:50+00:00,42.28707,-70.71666,12.0,313.5,313,A
338654321,2026-01-15T12:36:50+00:00,42.43127,-70.79999,7.5,249.1,511,B
338999702,2026-01-15T12:36:53+00:00,42.28300,-70.68369,18.0,104.3,104,A
244999703,2026-01-15T12:36:56+00:00,42.23557,-70.37928,14.5,339.9,339,A
316999704,2026-01-15T12:36:59+00:00,42.33411,-70.53148,20.0,106.6,106,A
366999701,2026-01-15T12:37:00+00:00,42.28745,-70.71720,12.0,314.0,314,A
338123456,2026-01-15T12:37:00+00:00,42.26979,-70.91704,6.0,192.9,511,B
338999702,2026-01-15T12:37:03+00:00,42.28280,-70.68260,18.0,102.9,102,A
244999703,2026-01-15T12:37:06+00:00,42.23620,-70.37959,14.5,339.7,339,A
316999704,2026-01-15T12:37:09+00:00,42.33385,-70.53028,20.0,105.9,105,A
366999701,2026-01-15T12:37:10+00:00,42.28783,-70.71774,12.0,313.1,313,A
1193046,2026-01-15T12:37:10+00:00,42.41200,-70.90963,4.5,358.6,511,B
338999702,2026-01-15T12:37:13+00:00,42.28261,-70.68151,18.0,103.6,103,A
244999703,2026-01-15T12:37:16+00:00,42.23683,-70.37990,14.5,340.9,340,A
316999704,2026-01-15T12:37:19+00:00,42.33360,-70.52908,20.0,107.0,106,A
366999701,2026-01-15T12:37:20+00:00,42.28821,-70.71829,12.0,311.9,311,A
338654321,2026-01-15T12:37:20+00:00,42.43090,-70.80131,7.5,252.8,511,B
338999702,2026-01-15T12:37:23+00:00,42.28241,-70.68041,18.0,104.2,104,A
244999703,2026-01-15T12:37:26+00:00,42.23746,-70.38020,14.5,342.0,342,A
316999704,2026-01-15T12:37:29+00:00,42.33332,-70.52788,20.0,106.3,106,A
366999701,2026-01-15T12:37:30+00:00,42.28859,-70.71885,12.0,312.5,312,A
338123456,2026-01-15T12:37:30+00:00,42.26898,-70.91729,6.0,189.6,511,B
338999702,2026-01-15T12:37:33+00:00,42.28221,-70.67932,18.0,103.6,103,A
244999703,2026-01-15T12:37:36+00:00,42.23810,-70.38048,14.5,341.7,341,A
316999704,2026-01-15T12:37:39+00:00,42.33306,-70.52668,20.0,106.0,105,A
366999701,2026-01-15T12:37:40+00:00,42.28896,-70.71941,12.0,312.5,312,A
1193046,2026-01-15T12:37:40+00:00,42.41262,-70.90965,4.5,0.2,511,B
338999702,2026-01-15T12:37:43+00:00,42.28201,-70.67822,18.0,103.9,103,A
244999703,2026-01-15T12:37:46+00:00,42.23874,-70.38076,14.5,341.7,341,A
316999704,2026-01-15T12:37:49+00:00,42.33281,-70.52547,20.0,105.9,105,A
366999701,2026-01-15T12:37:50+00:00,42.28934,-70.71996,12.0,312.1,312,A
338654321,2026-01-15T12:37:50+00:00,42.43059,-70.80266,7.5,255.0,511,B
338999702,2026-01-15T12:37:53+00:00,42.28181,-70.67713,18.0,105.0,104,A
244999703,2026-01-15T12:37:56+00:00,42.23938,-70.38105,14.5,340.3,340,A
316999704,2026-01-15T12:37:59+00:00,42.33256,-70.52427,20.0,104.6,104,A
366999701,2026-01-15T12:38:00+00:00,42.28971,-70.72052,12.0,313.1,313,A
338123456,2026-01-15T12:38:00+00:00,42.26816,-70.91748,6.0,193.5,511,B
338999702,2026-01-15T12:38:03+00:00,42.28160,-70.67604,18.0,105.7,105,A
244999703,2026-01-15T12:38:06+00:00,42.24001,-70.38135,14.5,340.7,340,A
316999704,2026-01-15T12:38:09+00:00,42.33232,-70.52306,20.0,105.8,105,A
366999701,2026-01-15T12:38:10+00:00,42.29009,-70.72106,12.0,314.4,314,A
1193046,2026-01-15T12:38:10+00:00,42.41325,-70.90965,4.5,357.2,511,B
338999702,2026-01-15T12:38:13+00:00,42.28137,-70.67496,18.0,106.6,106,A
244999703,2026-01-15T12:38:16+00:00,42.24064,-70.38165,14.5,342.1,342,A
316999704,2026-01-15T12:38:19+00:00,42.33207,-70.52185,20.0,105.3,105,A
366999701,2026-01-15T12:38:20+00:00,42.29048,-70.72160,12.0,315.5,315,A
338654321,2026-01-15T12:38:20+00:00,42.43032,-70.80402,7.5,255.1,511,B
338999702,2026-01-15T12:38:23+00:00,42.28114,-70.67388,18.0,105.2,105,A
244999703,2026-01-15T12:38:26+00:00,42.24128,-70.38193,14.5,342.1,342,A
316999704,2026-01-15T12:38:29+00:00,42.33183,-70.52064,20.0,105.4,105,A
366999701,2026-01-15T12:38:30+00:00,42.29087,-70.72213,12.0,314.2,314,A
338123456,2026-01-15T12:38:30+00:00,42.26735,-70.91774,6.0,192.7,511,B
338999702,2026-01-15T12:38:33+00:00,42.28092,-70.67279,18.0,104.9,104,A
244999703,2026-01-15T12:38:36+00:00,42.24192,-70.38221,14.5,341.0,340,A
316999704,2026-01-15T12:38:39+00:00,42.33158,-70.51944,20.0,104.2,104,A
366999701,2026-01-15T12:38:40+00:00,42.29126,-70.72267,12.0,314.8,314,A
1193046,2026-01-15T12:38:40+00:00,42.41387,-70.90969,4.5,356.9,511,B
338999702,2026-01-15T12:38:43+00:00,42.28070,-70.67170,18.0,106.2,106,A
244999703,2026-01-15T12:38:46+00:00,42.24255,-70.38251,14.5,340.6,340,A
316999704,2026-01-15T12:38:49+00:00,42.33135,-70.51822,20.0,103.3,103,A
366999701,2026-01-15T12:38:50+00:00,42.29165,-70.72320,12.0,313.4,313,A
338654321,2026-01-15T12:38:50+00:00,42.43005,-70.80539,7.5,258.5,511,B
338999702,2026-01-15T12:38:53+00:00,42.28047,-70.67062,18.0,106.7,106,A
244999703,2026-01-15T12:38:56+00:00,42.24319,-70.38281,14.5,341.7,341,A
316999704,2026-01-15T12:38:59+00:00,42.33114,-70.51700,20.0,104.2,104,A
366999701,2026-01-15T12:39:00+00:00,42.29203,-70.72374,12.0,313.1,313,A
338123456,2026-01-15T12:39:00+00:00,42.26653,-70.91799,6.0,196.5,511,B
338999702,2026-01-15T12:39:03+00:00,42.28023,-70.66954,18.0,107.0,107,A
244999703,2026-01-15T12:39:06+00:00,42.24382,-70.38309,14.5,340.3,340,A
316999704,2026-01-15T12:39:09+00:00,42.33091,-70.51579,20.0,105.6,105,A
366999701,2026-01-15T12:39:10+00:00,42.29241,-70.72429,12.0,314.0,313,A
1193046,2026-01-15T12:39:10+00:00,42.41450,-70.90974,4.5,359.2,511,B
338999702,2026-01-15T12:39:13+00:00,42.27999,-70.66847,18.0,106.5,106,A
244999703,2026-01-15T12:39:16+00:00,42.24446,-70.38340,14.5,339.0,338,A
316999704,2026-01-15T12:39:19+00:00,42.33067,-70.51458,20.0,104.3,104,A
366999701,2026-01-15T12:39:20+00:00,42.29280,-70.72483,12.0,314.0,314,A
338654321,2026-01-15T12:39:20+00:00,42.42984,-70.80677,7.5,259.5,511,B
338999702,2026-01-15T12:39:23+00:00,42.27975,-70.66739,18.0,106.0,105,A
244999703,2026-01-15T12:39:26+00:00,42.24508,-70.38372,14.5,339.4,339,A
316999704,2026-01-15T12:39:29+00:00,42.33044,-70.51337,20.0,104.5,104,A
366999701,2026-01-15T12:39:30+00:00,42.29318,-70.72537,12.0,313.2,313,A
338123456,2026-01-15T12:39:30+00:00,42.26573,-70.91831,6.0,196.7,511,B
338999702,2026-01-15T12:39:33+00:00,42.27952,-70.66630,18.0,106.2,106,A
244999703,2026-01-15T12:39:36+00:00,42.24571,-70.38404,14.5,339.8,339,A
316999704,2026-01-15T12:39:39+00:00,42.33020,-70.51216,20.0,104.3,104,A
366999701,2026-01-15T12:39:40+00:00,42.29356,-70.72592,12.0,312.6,312,A
1193046,2026-01-15T12:39:40+00:00,42.41512,-70.90975,4.5,2.7,511,B
338999702,2026-01-15T12:39:43+00:00,42.27929,-70.66522,18.0,105.3,105,A
244999703,2026-01-15T12:39:46+00:00,42.24634,-70.38435,14.5,340.3,340,A
316999704,2026-01-15T12:39:49+00:00,42.32998,-70.51094,20.0,105.3,105,A
366999701,2026-01-15T12:39:50+00:00,42.29394,-70.72647,12.0,311.7,311,A
338654321,2026-01-15T12:39:50+00:00,42.42965,-70.80816,7.5,262.9,511,B
338999702,2026-01-15T12:39:53+00:00,42.27907,-70.66413,18.0,105.0,105,A
244999703,2026-01-15T12:39:56+00:00,42.24697,-70.38466,14.5,341.0,340,A
316999704,2026-01-15T12:39:59+00:00,42.32973,-70.50973,20.0,103.8,103,A
366999701,2026-01-15T12:40:00+00:00,42.29431,-70.72704,12.0,311.7,311,A
338123456,2026-01-15T12:40:00+00:00,42.26494,-70.91863,6.0,194.5,511,B
338999702,2026-01-15T12:40:03+00:00,42.27885,-70.66305,18.0,106.2,106,A
244999703,2026-01-15T12:40:06+00:00,42.24761,-70.38495,14.5,340.2,340,A
316999704,2026-01-15T12:40:09+00:00,42.32951,-70.50852,20.0,103.4,103,A
366999701,2026-01-15T12:40:10+00:00,42.29468,-70.72760,12.0,311.0,311,A
1193046,2026-01-15T12:40:10+00:00,42.41575,-70.90971,4.5,2.3,511,B
338999702,2026-01-15T12:40:13+00:00,42.27862,-70.66197,18.0,105.6,105,A
244999703,2026-01-15T12:40:16+00:00,42.24824,-70.38526,14.5,340.3,340,A
316999704,2026-01-15T12:40:19+00:00,42.32929,-70.50730,20.0,103.7,103,A
366999701,2026-01-15T12:40:20+00:00,42.29505,-70.72816,12.0,311.2,311,A
338654321,2026-01-15T12:40:20+00:00,42.42952,-70.80956,7.5,259.9,511,B
338999702,2026-01-15T12:40:23+00:00,42.27840,-70.66088,18.0,105.4,105,A
244999703,2026-01-15T12:40:26+00:00,42.24887,-70.38557,14.5,341.8,341,A
316999704,2026-01-15T12:40:29+00:00,42.32907,-70.50608,20.0,104.5,104,A
366999701,2026-01-15T12:40:30+00:00,42.29541,-70.72873,12.0,312.2,312,A
338123456,2026-01-15T12:40:30+00:00,42.26413,-70.91891,6.0,198.2,511,B
338999702,2026-01-15T12:40:33+00:00,42.27818,-70.65979,18.0,105.2,105,A
244999703,2026-01-15T12:40:36+00:00,42.24951,-70.38585,14.5,342.0,342,A
316999704,2026-01-15T12:40:39+00:00,42.32884,-70.50487,20.0,103.1,103,A
366999701,2026-01-15T12:40:40+00:00,42.29578,-70.72928,12.0,313.1,313,A
1193046,2026-01-15T12:40:40+00:00,42.41637,-70.90968,4.5,2.7,511,B
338999702,2026-01-15T12:40:43+00:00,42.27796,-70.65871,18.0,103.8,103,A
244999703,2026-01-15T12:40:46+00:00,42.25015,-70.38613,14.5,341.7,341,A
316999704,2026-01-15T12:40:49+00:00,42.32863,-70.50365,20.0,104.0,103,A
366999701,2026-01-15T12:40:50+00:00,42.29616,-70.72983,12.0,313.2,313,A
338654321,2026-01-15T12:40:50+00:00,42.42934,-70.81095,7.5,256.4,511,B
338999702,2026-01-15T12:40:53+00:00,42.27776,-70.65761,18.0,104.4,104,A
244999703,2026-01-15T12:40:56+00:00,42.25078,-70.38642,14.5,341.4,341,A
316999704,2026-01-15T12:40:59+00:00,42.32841,-70.50243,20.0,103.8,103,A
366999701,2026-01-15T12:41:00+00:00,42.29654,-70.73038,12.0,312.6,312,A
338123456,2026-01-15T12:41:00+00:00,42.26334,-70.91927,6.0,200.7,511,B
338999702,2026-01-15T12:41:03+00:00,42.27755,-70.65652,18.0,105.3,105,A
244999703,2026-01-15T12:41:06+00:00,42.25142,-70.38671,14.5,342.2,342,A
316999704,2026-01-15T12:41:09+00:00,42.32819,-70.50122,20.0,104.8,104,A
366999701,2026-01-15T12:41:10+00:00,42.29692,-70.73093,12.0,312.5,312,A
1193046,2026-01-15T12:41:10+00:00,42.41700,-70.90964,4.5,5.0,511,B
338999702,2026-01-15T12:41:13+00:00,42.27733,-70.65544,18.0,105.5,105,A
244999703,2026-01-15T12:41:16+00:00,42.25206,-70.38698,14.5,340.9,340,A
316999704,2026-01-15T12:41:19+00:00,42.32795,-70.50001,20.0,106.2,106,A
366999701,2026-01-15T12:41:20+00:00,42.29730,-70.73149,12.0,313.6,313,A
338654321,2026-01-15T12:41:20+00:00,42.42910,-70.81232,7.5,253.4,511,B
338999702,2026-01-15T12:41:23+00:00,42.27711,-70.65435,18.0,104.4,104,A
244999703,2026-01-15T12:41:26+00:00,42.25269,-70.38728,14.5,342.3,342,A
316999704,2026-01-15T12:41:29+00:00,42.32769,-70.49880,20.0,105.9,105,A
366999701,2026-01-15T12:41:30+00:00,42.29768,-70.73203,12.0,313.0,312,A
338123456,2026-01-15T12:41:30+00:00,42.26256,-70.91966,6.0,197.3,511,B
338999702,2026-01-15T12:41:33+00:00,42.27690,-70.65326,18.0,103.0,102,A
244999703,2026-01-15T12:41:36+00:00,42.25333,-70.38755,14.5,343.3,343,A
316999704,2026-01-15T12:41:39+00:00,42.32744,-70.49760,20.0,106.1,106,A
366999701,2026-01-15T12:41:40+00:00,42.29806,-70.73258,12.0,311.7,311,A
1193046,2026-01-15T12:41:40+00:00,42.41762,-70.90956,4.5,2.1,511,B
338999702,2026-01-15T12:41:43+00:00,42.27671,-70.65216,18.0,102.2,102,A
244999703,2026-01-15T12:41:46+00:00,42.25398,-70.38782,14.5,344.8,344,A
316999704,2026-01-15T12:41:49+00:00,42.32718,-70.49640,20.0,106.0,106,A
366999701,2026-01-15T12:41:50+00:00,42.29843,-70.73314,12.0,310.9,310,A
338654321,2026-01-15T12:41:50+00:00,42.42880,-70.81367,7.5,251.8,511,B
338999702,2026-01-15T12:41:53+00:00,42.27654,-70.65106,18.0,102.9,102,A
244999703,2026-01-15T12:41:56+00:00,42.25463,-70.38805,14.5,343.4,343,A
316999704,2026-01-15T12:41:59+00:00,42.32693,-70.49519,20.0,106.4,106,A
366999701,2026-01-15T12:42:00+00:00,42.29879,-70.73371,12.0,311.8,311,A
338123456,2026-01-15T12:42:00+00:00,42.26176,-70.92000,6.0,199.2,511,B
338999702,2026-01-15T12:42:03+00:00,42.27635,-70.64996,18.0,104.3,104,A
244999703,2026-01-15T12:42:06+00:00,42.25527,-70.38831,14.5,341.9,341,A
316999704,2026-01-15T12:42:09+00:00,42.32667,-70.49399,20.0,106.1,106,A
366999701,2026-01-15T12:42:10+00:00,42.29916,-70.73427,12.0,312.9,312,A
1193046,2026-01-15T12:42:10+00:00,42.41824,-70.90953,4.5,359.0,511,B
338999702,2026-01-15T12:42:13+00:00,42.27615,-70.64887,18.0,104.6,104,A
244999703,2026-01-15T12:42:16+00:00,42.25591,-70.38860,14.5,340.4,340,A
316999704,2026-01-15T12:42:19+00:00,42.32641,-70.49279,20.0,105.5,105,A
366999701,2026-01-15T12:42:20+00:00,42.29954,-70.73482,12.0,312.8,312,A
338654321,2026-01-15T12:42:20+00:00,42.42847,-70.81501,7.5,253.7,511,B
338999702,2026-01-15T12:42:23+00:00,42.27594,-70.64778,18.0,105.1,105,A
244999703,2026-01-15T12:42:26+00:00,42.25654,-70.38890,14.5,340.9,340,A
316999704,2026-01-15T12:42:29+00:00,42.32616,-70.49158,20.0,105.1,105,A
366999701,2026-01-15T12:42:30+00:00,42.29992,-70.73537,12.0,311.6,311,A
338123456,2026-01-15T12:42:30+00:00,42.26098,-70.92037,6.0,201.4,511,B
338999702,2026-01-15T12:42:33+00:00,42.27572,-70.64670,18.0,105.5,105,A
244999703,2026-01-15T12:42:36+00:00,42.25717,-70.38920,14.5,341.4,341,A
316999704,2026-01-15T12:42:39+00:00,42.32592,-70.49037,20.0,105.0,104,A
366999701,2026-01-15T12:42:40+00:00,42.30029,-70.73593,12.0,311.9,311,A
1193046,2026-01-15T12:42:40+00:00,42.41887,-70.90955,4.5,355.5,511,B
338999702,2026-01-15T12:42:43+00:00,42.27550,-70.64561,18.0,104.2,104,A
244999703,2026-01-15T12:42:46+00:00,42.25781,-70.38948,14.5,342.7,342,A
316999704,2026-01-15T12:42:49+00:00,42.32568,-70.48916,20.0,105.4,105,A
366999701,2026-01-15T12:42:50+00:00,42.30066,-70.73649,12.0,311.8,311,A
338654321,2026-01-15T12:42:50+00:00,42.42818,-70.81637,7.5,253.3,511,B
338999702,2026-01-15T12:42:53+00:00,42.27529,-70.64452,18.0,102.8,102,A
244999703,2026-01-15T12:42:56+00:00,42.25845,-70.38975,14.5,342.8,342,A
316999704,2026-01-15T12:42:59+00:00,42.32543,-70.48796,20.0,105.2,105,A
366999701,2026-01-15T12:43:00+00:00,42.30103,-70.73705,12.0,311.3,311,A
338123456,2026-01-15T12:43:00+00:00,42.26020,-70.92078,6.0,202.4,511,B
338999702,2026-01-15T12:43:03+00:00,42.27511,-70.64342,18.0,104.3,104,A
244999703,2026-01-15T12:43:06+00:00,42.25909,-70.39002,14.5,344.2,344,A
316999704,2026-01-15T12:43:09+00:00,42.32519,-70.48675,20.0,106.4,106,A
366999701,2026-01-15T12:43:10+00:00,42.30139,-70.73761,12.0,310.5,310,A
1193046,2026-01-15T12:43:10+00:00,42.41949,-70.90961,4.5,353.1,511,B
338999702,2026-01-15T12:43:13+00:00,42.27490,-70.64233,18.0,104.0,103,A
244999703,2026-01-15T12:43:16+00:00,42.25974,-70.39027,14.5,343.2,343,A
316999704,2026-01-15T12:43:19+00:00,42.32493,-70.48555,20.0,107.4,107,A
366999701,2026-01-15T12:43:20+00:00,42.30175,-70.73819,12.0,310.7,310,A
338654321,2026-01-15T12:43:20+00:00,42.42788,-70.81772,7.5,250.2,511,B
338999702,2026-01-15T12:43:23+00:00,42.27470,-70.64124,18.0,104.4,104,A
244999703,2026-01-15T12:43:26+00:00,42.26038,-70.39053,14.5,343.1,343,A
316999704,2026-01-15T12:43:29+00:00,42.32465,-70.48435,20.0,107.0,106,A
366999701,2026-01-15T12:43:30+00:00,42.30212,-70.73876,12.0,309.9,309,A
338123456,2026-01-15T12:43:30+00:00,42.25943,-70.92121,6.0,199.8,511,B
338999702,2026-01-15T12:43:33+00:00,42.27449,-70.64014,18.0,103.6,103,A
244999703,2026-01-15T12:43:36+00:00,42.26102,-70.39080,14.5,341.7,341,A
316999704,2026-01-15T12:43:39+00:00,42.32438,-70.48315,20.0,105.6,105,A
366999701,2026-01-15T12:43:40+00:00,42.30247,-70.73933,12.0,309.5,309,A
1193046,2026-01-15T12:43:40+00:00,42.42011,-70.90972,4.5,351.0,511,B
338999702,2026-01-15T12:43:43+00:00,42.27430,-70.63905,18.0,104.3,104,A
244999703,2026-01-15T12:43:46+00:00,42.26166,-70.39108,14.5,342.4,342,A
316999704,2026-01-15T12:43:49+00:00,42.32413,-70.48195,20.0,105.8,105,A
366999701,2026-01-15T12:43:50+00:00,42.30283,-70.73991,12.0,308.8,308,A
338654321,2026-01-15T12:43:50+00:00,42.42753,-70.81905,7.5,247.2,511,B
338999702,2026-01-15T12:43:53+00:00,42.27409,-70.63796,18.0,103.4,103,A
244999703,2026-01-15T12:43:56+00:00,42.26230,-70.39136,14.5,343.8,343,A
316999704,2026-01-15T12:43:59+00:00,42.32388,-70.48074,20.0,105.2,105,A
366999701,2026-01-15T12:44:00+00:00,42.30317,-70.74050,12.0,308.8,308,A
338123456,2026-01-15T12:44:00+00:00,42.25865,-70.92159,6.0,201.4,511,B
338999702,2026-01-15T12:44:03+00:00,42.27390,-70.63686,18.0,102.5,102,A
244999703,2026-01-15T12:44:06+00:00,42.26294,-70.39161,14.5,344.1,344,A
316999704,2026-01-15T12:44:09+00:00,42.32364,-70.47953,20.0,106.4,106,A
366999701,2026-01-15T12:44:10+00:00,42.30352,-70.74108,12.0,308.6,308,A
1193046,2026-01-15T12:44:10+00:00,42.42073,-70.90985,4.5,352.1,511,B
338999702,2026-01-15T12:44:13+00:00,42.27372,-70.63576,18.0,103.3,103,A
244999703,2026-01-15T12:44:16+00:00,42.26359,-70.39186,14.5,345.4,345,A
316999704,2026-01-15T12:44:19+00:00,42.32338,-70.47833,20.0,107.4,107,A
366999701,2026-01-15T12:44:20+00:00,42.30387,-70.74167,12.0,308.6,308,A
338654321,2026-01-15T12:44:20+00:00,42.42713,-70.82035,7.5,250.5,511,B
338999702,2026-01-15T12:44:23+00:00,42.27353,-70.63467,18.0,102.6,102,A
244999703,2026-01-15T12:44:26+00:00,42.26424,-70.39208,14.5,346.8,346,A
316999704,2026-01-15T12:44:29+00:00,42.32310,-70.47714,20.0,106.5,106,A
366999701,2026-01-15T12:44:30+00:00,42.30422,-70.74226,12.0,308.2,308,A
338123456,2026-01-15T12:44:30+00:00,42.25787,-70.92200,6.0,199.1,511,B
338999702,2026-01-15T12:44:33+00:00,42.27334,-70.63357,18.0,102.8,102,A
244999703,2026-01-15T12:44:36+00:00,42.26489,-70.39229,14.5,347.1,347,A
316999704,2026-01-15T12:44:39+00:00,42.32284,-70.47593,20.0,106.1,106,A
366999701,2026-01-15T12:44:40+00:00,42.30456,-70.74285,12.0,308.0,307,A
1193046,2026-01-15T12:44:40+00:00,42.42135,-70.90996,4.5,351.3,511,B
338999702,2026-01-15T12:44:43+00:00,42.27316,-70.63247,18.0,103.6,103,A
244999703,2026-01-15T12:44:46+00:00,42.26555,-70.39249,14.5,346.1,346,A
316999704,2026-01-15T12:44:49+00:00,42.32258,-70.47473,20.0,107.2,107,A
366999701,2026-01-15T12:44:50+00:00,42.30490,-70.74344,12.0,308.7,308,A
338654321,2026-01-15T12:44:50+00:00,42.42678,-70.82168,7.5,251.3,511,B
338999702,2026-01-15T12:44:53+00:00,42.27296,-70.63138,18.0,104.0,104,A
244999703,2026-01-15T12:44:56+00:00,42.26620,-70.39271,14.5,345.3,345,A
316999704,2026-01-15T12:44:59+00:00,42.32231,-70.47354,20.0,105.7,105,A
366999701,2026-01-15T12:45:00+00:00,42.30525,-70.74403,12.0,309.6,309,A
338123456,2026-01-15T12:45:00+00:00,42.25708,-70.92237,6.0,196.3,511,B
338999702,2026-01-15T12:45:03+00:00,42.27276,-70.63028,18.0,103.1,103,A
244999703,2026-01-15T12:45:06+00:00,42.26685,-70.39294,14.5,346.2,346,A
316999704,2026-01-15T12:45:09+00:00,42.32206,-70.47233,20.0,107.0,107,A
366999701,2026-01-15T12:45:10+00:00,42.30560,-70.74460,12.0,308.2,308,A
1193046,2026-01-15T12:45:10+00:00,42.42197,-70.91009,4.5,350.5,511,B
338999702,2026-01-15T12:45:13+00:00,42.27257,-70.62919,18.0,102.8,102,A
244999703,2026-01-15T12:45:16+00:00,42.26750,-70.39316,14.5,344.7,344,A
316999704,2026-01-15T12:45:19+00:00,42.32179,-70.47113,20.0,107.8,107,A
366999701,2026-01-15T12:45:20+00:00,42.30595,-70.74520,12.0,308.9,308,A
338654321,2026-01-15T12:45:20+00:00,42.42644,-70.82302,7.5,250.0,511,B
338999702,2026-01-15T12:45:23+00:00,42.27239,-70.62809,18.0,103.7,103,A
244999703,2026-01-15T12:45:26+00:00,42.26815,-70.39340,14.5,344.7,344,A
316999704,2026-01-15T12:45:29+00:00,42.32151,-70.46994,20.0,106.5,106,A
366999701,2026-01-15T12:45:30+00:00,42.30629,-70.74578,12.0,309.3,309,A
338123456,2026-01-15T12:45:30+00:00,42.25628,-70.92269,6.0,194.4,511,B
338999702,2026-01-15T12:45:33+00:00,42.27219,-70.62699,18.0,104.5,104,A
244999703,2026-01-15T12:45:36+00:00,42.26880,-70.39364,14.5,345.6,345,A
316999704,2026-01-15T12:45:39+00:00,42.32124,-70.46874,20.0,105.0,105,A
366999701,2026-01-15T12:45:40+00:00,42.30665,-70.74636,12.0,309.6,309,A
1193046,2026-01-15T12:45:40+00:00,42.42258,-70.91023,4.5,352.0,511,B
338999702,2026-01-15T12:45:43+00:00,42.27198,-70.62590,18.0,105.4,105,A
244999703,2026-01-15T12:45:46+00:00,42.26945,-70.39386,14.5,347.0,346,A
316999704,2026-01-15T12:45:49+00:00,42.32100,-70.46753,20.0,104.2,104,A
366999701,2026-01-15T12:45:50+00:00,42.30700,-70.74694,12.0,310.5,310,A
338654321,2026-01-15T12:45:50+00:00,42.42609,-70.82434,7.5,246.2,511,B
338999702,2026-01-15T12:45:53+00:00,42.27176,-70.62482,18.0,105.8,105,A
244999703,2026-01-15T12:45:56+00:00,42.27010,-70.39407,14.5,347.1,347,A
316999704,2026-01-15T12:45:59+00:00,42.32078,-70.46631,20.0,102.9,102,A
366999701,2026-01-15T12:46:00+00:00,42.30736,-70.74751,12.0,309.2,309,A
338123456,2026-01-15T12:46:00+00:00,42.25548,-70.92297,6.0,196.8,511,B
338999702,2026-01-15T12:46:03+00:00,42.27154,-70.62373,18.0,105.1,105,A
244999703,2026-01-15T12:46:06+00:00,42.27075,-70.39427,14.5,346.5,346,A
316999704,2026-01-15T12:46:09+00:00,42.32057,-70.46509,20.0,104.3,104,A
366999701,2026-01-15T12:46:10+00:00,42.30771,-70.74809,12.0,309.7,309,A
1193046,2026-01-15T12:46:10+00:00,42.42320,-70.91035,4.5,351.0,511,B
338999702,2026-01-15T12:46:13+00:00,42.27132,-70.62265,18.0,104.7,104,A
244999703,2026-01-15T12:46:16+00:00,42.27141,-70.39448,14.5,346.6,346,A
316999704,2026-01-15T12:46:19+00:00,42.32034,-70.46388,20.0,105.5,105,A
366999701,2026-01-15T12:46:20+00:00,42.30807,-70.74867,12.0,309.7,309,A
338654321,2026-01-15T12:46:20+00:00,42.42567,-70.82563,7.5,247.9,511,B
338999702,2026-01-15T12:46:23+00:00,42.27111,-70.62156,18.0,105.5,105,A
244999703,2026-01-15T12:46:26+00:00,42.27206,-70.39469,14.5,346.6,346,A
316999704,2026-01-15T12:46:29+00:00,42.32009,-70.46267,20.0,104.1,104,A
366999701,2026-01-15T12:46:30+00:00,42.30842,-70.74925,12.0,310.1,310,A
338123456,2026-01-15T12:46:30+00:00,42.25468,-70.92329,6.0,195.0,511,B
338999702,2026-01-15T12:46:33+00:00,42.27088,-70.62047,18.0,107.0,106,A
244999703,2026-01-15T12:46:36+00:00,42.27271,-70.39490,14.5,346.9,346,A
316999704,2026-01-15T12:46:39+00:00,42.31987,-70.46146,20.0,104.2,104,A
366999701,2026-01-15T12:46:40+00:00,42.30878,-70.74982,12.0,310.3,310,A
1193046,2026-01-15T12:46:40+00:00,42.42382,-70.91048,4.5,354.9,511,B
338999702,2026-01-15T12:46:43+00:00,42.27064,-70.61939,18.0,106.2,106,A
244999703,2026-01-15T12:46:46+00:00,42.27337,-70.39511,14.5,347.2,347,A
316999704,2026-01-15T12:46:49+00:00,42.31964,-70.46025,20.0,105.1,105,A
366999701,2026-01-15T12:46:50+00:00,42.30914,-70.75040,12.0,310.7,310,A
338654321,2026-01-15T12:46:50+00:00,42.42527,-70.82694,7.5,249.7,511,B
338999702,2026-01-15T12:46:53+00:00,42.27041,-70.61831,18.0,105.6,105,A
244999703,2026-01-15T12:46:56+00:00,42.27402,-70.39531,14.5,345.9,345,A
316999704,2026-01-15T12:46:59+00:00,42.31940,-70.45904,20.0,105.6,105,A
366999701,2026-01-15T12:47:00+00:00,42.30950,-70.75097,12.0,311.7,311,A
338123456,2026-01-15T12:47:00+00:00,42.25387,-70.92358,6.0,194.5,511,B
338999702,2026-01-15T12:47:03+00:00,42.27018,-70.61723,18.0,104.3,104,A
244999703,2026-01-15T12:47:06+00:00,42.27467,-70.39553,14.5,346.5,346,A
316999704,2026-01-15T12:47:09+00:00,42.31915,-70.45783,20.0,106.3,106,A
366999701,2026-01-15T12:47:10+00:00,42.30987,-70.75153,12.0,310.7,310,A
1193046,2026-01-15T12:47:10+00:00,42.42444,-70.91056,4.5,353.2,511,B
338999702,2026-01-15T12:47:13+00:00,42.26998,-70.61614,18.0,105.2,105,A
244999703,2026-01-15T12:47:16+00:00,42.27533,-70.39574,14.5,347.4,347,A
316999704,2026-01-15T12:47:19+00:00,42.31889,-70.45663,20.0,107.8,107,A
366999701,2026-01-15T12:47:20+00:00,42.31023,-70.75210,12.0,311.7,311,A
338654321,2026-01-15T12:47:20+00:00,42.42491,-70.82826,7.5,252.0,511,B
338999702,2026-01-15T12:47:23+00:00,42.26976,-70.61505,18.0,104.4,104,A
244999703,2026-01-15T12:47:26+00:00,42.27598,-70.39594,14.5,348.8,348,A
316999704,2026-01-15T12:47:29+00:00,42.31861,-70.45544,20.0,106.4,106,A
366999701,2026-01-15T12:47:30+00:00,42.31060,-70.75266,12.0,313.1,313,A
338123456,2026-01-15T12:47:30+00:00,42.25307,-70.92386,6.0,194.0,511,B
338999702,2026-01-15T12:47:33+00:00,42.26955,-70.61396,18.0,103.6,103,A
244999703,2026-01-15T12:47:36+00:00,42.27664,-70.39611,14.5,348.2,348,A
316999704,2026-01-15T12:47:39+00:00,42.31835,-70.45423,20.0,107.5,107,A
366999701,2026-01-15T12:47:40+00:00,42.31098,-70.75321,12.0,311.7,311,A
1193046,2026-01-15T12:47:40+00:00,42.42506,-70.91066,4.5,356.7,511,B
338999702,2026-01-15T12:47:43+00:00,42.26936,-70.61286,18.0,103.4,103,A
244999703,2026-01-15T12:47:46+00:00,42.27730,-70.39630,14.5,347.5,347,A
316999704,2026-01-15T12:47:49+00:00,42.31807,-70.45304,20.0,107.9,107,A
366999701,2026-01-15T12:47:50+00:00,42.31135,-70.75377,12.0,311.6,311,A
338654321,2026-01-15T12:47:50+00:00,42.42459,-70.82960,7.5,252.6,511,B
338999702,2026-01-15T12:47:53+00:00,42.26916,-70.61177,18.0,104.6,104,A
244999703,2026-01-15T12:47:56+00:00,42.27795,-70.39650,14.5,346.6,346,A
316999704,2026-01-15T12:47:59+00:00,42.31778,-70.45185,20.0,107.5,107,A
366999701,2026-01-15T12:48:00+00:00,42.31172,-70.75433,12.0,310.9,310,A
338123456,2026-01-15T12:48:00+00:00,42.25226,-70.92414,6.0,197.9,511,B
338999702,2026-01-15T12:48:03+00:00,42.26895,-70.61068,18.0,103.3,103,A
244999703,2026-01-15T12:48:06+00:00,42.27860,-70.39671,14.5,345.3,345,A
316999704,2026-01-15T12:48:09+00:00,42.31750,-70.45065,20.0,106.2,106,A
366999701,2026-01-15T12:48:10+00:00,42.31208,-70.75490,12.0,312.2,312,A
1193046,2026-01-15T12:48:10+00:00,42.42568,-70.91071,4.5,354.9,511,B
338999702,2026-01-15T12:48:13+00:00,42.26876,-70.60958,18.0,103.4,103,A
244999703,2026-01-15T12:48:16+00:00,42.27925,-70.39694,14.5,344.1,344,A
316999704,2026-01-15T12:48:19+00:00,42.31725,-70.44945,20.0,106.8,106,A
366999701,2026-01-15T12:48:20+00:00,42.31246,-70.75545,12.0,312.1,312,A
338654321,2026-01-15T12:48:20+00:00,42.42428,-70.83095,7.5,251.9,511,B
338999702,2026-01-15T12:48:23+00:00,42.26857,-70.60849,18.0,104.7,104,A
244999703,2026-01-15T12:48:26+00:00,42.27990,-70.39718,14.5,345.2,345,A
316999704,2026-01-15T12:48:29+00:00,42.31698,-70.44825,20.0,106.3,106,A
366999701,2026-01-15T12:48:30+00:00,42.31283,-70.75601,12.0,311.8,311,A
338123456,2026-01-15T12:48:30+00:00,42.25146,-70.92448,6.0,200.1,511,B
338999702,2026-01-15T12:48:33+00:00,42.26836,-70.60740,18.0,103.6,103,A
244999703,2026-01-15T12:48:36+00:00,42.28055,-70.39742,14.5,346.0,345,A
316999704,2026-01-15T12:48:39+00:00,42.31672,-70.44705,20.0,107.6,107,A
366999701,2026-01-15T12:48:40+00:00,42.31320,-70.75657,12.0,311.9,311,A
1193046,2026-01-15T12:48:40+00:00,42.42631,-70.91078,4.5,358.3,511,B
338999702,2026-01-15T12:48:43+00:00,42.26816,-70.60630,18.0,103.2,103,A
244999703,2026-01-15T12:48:46+00:00,42.28120,-70.39764,14.5,346.5,346,A
316999704,2026-01-15T12:48:49+00:00,42.31644,-70.44586,20.0,106.6,106,A
366999701,2026-01-15T12:48:50+00:00,42.31357,-70.75713,12.0,311.5,311,A
338654321,2026-01-15T12:48:50+00:00,42.42395,-70.83229,7.5,249.3,511,B
338999702,2026-01-15T12:48:53+00:00,42.26797,-70.60521,18.0,103.2,103,A
244999703,2026-01-15T12:48:56+00:00,42.28185,-70.39785,14.5,347.9,347,A
316999704,2026-01-15T12:48:59+00:00,42.31617,-70.44466,20.0,106.7,106,A
366999701,2026-01-15T12:49:00+00:00,42.31394,-70.75769,12.0,310.6,310,A
338123456,2026-01-15T12:49:00+00:00,42.25068,-70.92487,6.0,198.9,511,B
338999702,2026-01-15T12:49:03+00:00,42.26778,-70.60411,18.0,103.7,103,A
244999703,2026-01-15T12:49:06+00:00,42.28251,-70.39804,14.5,348.9,348,A
316999704,2026-01-15T12:49:09+00:00,42.31591,-70.44346,20.0,105.4,105,A
366999701,2026-01-15T12:49:10+00:00,42.31430,-70.75826,12.0,309.7,309,A
1193046,2026-01-15T12:49:10+00:00,42.42693,-70.91081,4.5,1.3,511,B
338999702,2026-01-15T12:49:13+00:00,42.26759,-70.60302,18.0,103.7,103,A
244999703,2026-01-15T12:49:16+00:00,42.28317,-70.39821,14.5,347.7,347,A
316999704,2026-01-15T12:49:19+00:00,42.31566,-70.44225,20.0,105.7,105,A
366999701,2026-01-15T12:49:20+00:00,42.31466,-70.75884,12.0,309.5,309,A
338654321,2026-01-15T12:49:20+00:00,42.42359,-70.83361,7.5,249.8,511,B
338999702,2026-01-15T12:49:23+00:00,42.26739,-70.60192,18.0,103.4,103,A
244999703,2026-01-15T12:49:26+00:00,42.28382,-70.39841,14.5,349.1,349,A
316999704,2026-01-15T12:49:29+00:00,42.31541,-70.44105,20.0,104.7,104,A
366999701,2026-01-15T12:49:30+00:00,42.31501,-70.75942,12.0,310.5,310,A
338123456,2026-01-15T12:49:30+00:00,42.24989,-70.92523,6.0,195.1,511,B
338999702,2026-01-15T12:49:33+00:00,42.26719,-70.60083,18.0,104.4,104,A
244999703,2026-01-15T12:49:36+00:00,42.28448,-70.39858,14.5,347.9,347,A
316999704,2026-01-15T12:49:39+00:00,42.31518,-70.43983,20.0,104.2,104,A
366999701,2026-01-15T12:49:40+00:00,42.31537,-70.75999,12.0,311.7,311,A
1193046,2026-01-15T12:49:40+00:00,42.42756,-70.91079,4.5,359.8,511,B
338999702,2026-01-15T12:49:43+00:00,42.26699,-70.59974,18.0,103.1,103,A
244999703,2026-01-15T12:49:46+00:00,42.28514,-70.39877,14.5,346.6,346,A
316999704,2026-01-15T12:49:49+00:00,42.31495,-70.43862,20.0,104.5,104,A
366999701,2026-01-15T12:49:50+00:00,42.31574,-70.76055,12.0,311.3,311,A
338654321,2026-01-15T12:49:50+00:00,42.42323,-70.83494,7.5,248.1,511,B
338999702,2026-01-15T12:49:53+00:00,42.26680,-70.59864,18.0,103.0,102,A
244999703,2026-01-15T12:49:56+00:00,42.28579,-70.39898,14.5,347.5,347,A
316999704,2026-01-15T12:49:59+00:00,42.31472,-70.43741,20.0,103.2,103,A
366999701,2026-01-15T12:50:00+00:00,42.31611,-70.76112,12.0,312.8,312,A
338123456,2026-01-15T12:50:00+00:00,42.24909,-70.92553,6.0,192.1,511,B
338999702,2026-01-15T12:50:03+00:00,42.26661,-70.59754,18.0,103.9,103,A
244999703,2026-01-15T12:50:06+00:00,42.28645,-70.39918,14.5,348.2,348,A
316999704,2026-01-15T12:50:09+00:00,42.31451,-70.43619,20.0,104.2,104,A
366999701,2026-01-15T12:50:10+00:00,42.31648,-70.76167,12.0,313.9,313,A
1193046,2026-01-15T12:50:10+00:00,42.42818,-70.91079,4.5,359.9,511,B
338999702,2026-01-15T12:50:13+00:00,42.26641,-70.59645,18.0,104.3,104,A
244999703,2026-01-15T12:50:16+00:00,42.28710,-70.39936,14.5,349.0,348,A
316999704,2026-01-15T12:50:19+00:00,42.31428,-70.43498,20.0,103.5,103,A
366999701,2026-01-15T12:50:20+00:00,42.31687,-70.76221,12.0,314.3,314,A
338654321,2026-01-15T12:50:20+00:00,42.42284,-70.83625,7.5,248.3,511,B
338999702,2026-01-15T12:50:23+00:00,42.26621,-70.59536,18.0,103.5,103,A
244999703,2026-01-15T12:50:26+00:00,42.28776,-70.39954,14.5,348.3,348,A
316999704,2026-01-15T12:50:29+00:00,42.31406,-70.43376,20.0,102.6,102,A
366999701,2026-01-15T12:50:30+00:00,42.31726,-70.76275,12.0,314.6,314,A
338123456,2026-01-15T12:50:30+00:00,42.24827,-70.92576,6.0,189.2,511,B
338999702,2026-01-15T12:50:33+00:00,42.26601,-70.59426,18.0,103.6,103,A
244999703,2026-01-15T12:50:36+00:00,42.28842,-70.39972,14.5,347.5,347,A
316999704,2026-01-15T12:50:39+00:00,42.31386,-70.43254,20.0,103.3,103,A
366999701,2026-01-15T12:50:40+00:00,42.31765,-70.76328,12.0,314.7,314,A
1193046,2026-01-15T12:50:40+00:00,42.42881,-70.91079,4.5,3.6,511,B
338999702,2026-01-15T12:50:43+00:00,42.26582,-70.59317,18.0,102.6,102,A
244999703,2026-01-15T12:50:46+00:00,42.28908,-70.39991,14.5,346.4,346,A
316999704,2026-01-15T12:50:49+00:00,42.31365,-70.43132,20.0,103.5,103,A
366999701,2026-01-15T12:50:50+00:00,42.31804,-70.76382,12.0,313.9,313,A
338654321,2026-01-15T12:50:50+00:00,42.42245,-70.83756,7.5,245.5,511,B
338999702,2026-01-15T12:50:53+00:00,42.26563,-70.59207,18.0,101.6,101,A
244999703,2026-01-15T12:50:56+00:00,42.28973,-70.40013,14.5,346.9,346,A
316999704,2026-01-15T12:50:59+00:00,42.31343,-70.43010,20.0,105.0,104,A
366999701,2026-01-15T12:51:00+00:00,42.31842,-70.76436,12.0,314.2,314,A
338123456,2026-01-15T12:51:00+00:00,42.24745,-70.92594,6.0,185.2,511,B
338999702,2026-01-15T12:51:03+00:00,42.26547,-70.59097,18.0,101.2,101,A
244999703,2026-01-15T12:51:06+00:00,42.29038,-70.40033,14.5,347.8,347,A
316999704,2026-01-15T12:51:09+00:00,42.31319,-70.42889,20.0,104.6,104,A
366999701,2026-01-15T12:51:10+00:00,42.31881,-70.76490,12.0,315.3,315,A
1193046,2026-01-15T12:51:10+00:00,42.42943,-70.91074,4.5,7.1,511,B
338999702,2026-01-15T12:51:13+00:00,42.26530,-70.58986,18.0,101.0,101,A
244999703,2026-01-15T12:51:16+00:00,42.29104,-70.40053,14.5,346.8,346,A
316999704,2026-01-15T12:51:19+00:00,42.31296,-70.42768,20.0,105.2,105,A
366999701,2026-01-15T12:51:20+00:00,42.31920,-70.76543,12.0,314.7,314,A
338654321,2026-01-15T12:51:20+00:00,42.42202,-70.83884,7.5,244.9,511,B
338999702,2026-01-15T12:51:23+00:00,42.26514,-70.58876,18.0,100.0,99,A
244999703,2026-01-15T12:51:26+00:00,42.29169,-70.40073,14.5,347.1,347,A
316999704,2026-01-15T12:51:29+00:00,42.31272,-70.42647,20.0,106.0,106,A
366999701,2026-01-15T12:51:30+00:00,42.31959,-70.76596,12.0,313.8,313,A
338123456,2026-01-15T12:51:30+00:00,42.24662,-70.92605,6.0,187.4,511,B
338999702,2026-01-15T12:51:33+00:00,42.26500,-70.58765,18.0,101.2,101,A
244999703,2026-01-15T12:51:36+00:00,42.29235,-70.40093,14.5,347.0,347,A
316999704,2026-01-15T12:51:39+00:00,42.31246,-70.42527,20.0,105.2,105,A
366999701,2026-01-15T12:51:40+00:00,42.31998,-70.76650,12.0,315.2,315,A
1193046,2026-01-15T12:51:40+00:00,42.43005,-70.91063,4.5,6.3,511,B
338999702,2026-01-15T12:51:43+00:00,42.26484,-70.58654,18.0,100.3,100,A
244999703,2026-01-15T12:51:46+00:00,42.29300,-70.40114,14.5,347.7,347,A
316999704,2026-01-15T12:51:49+00:00,42.31222,-70.42406,20.0,104.2,104,A
366999701,2026-01-15T12:51:50+00:00,42.32037,-70.76703,12.0,316.0,316,A
338654321,2026-01-15T12:51:50+00:00,42.42158,-70.84012,7.5,242.2,511,B
338999702,2026-01-15T12:51:53+00:00,42.26469,-70.58544,18.0,99.2,99,A
244999703,2026-01-15T12:51:56+00:00,42.29366,-70.40133,14.5,348.8,348,A
316999704,2026-01-15T12:51:59+00:00,42.31199,-70.42284,20.0,103.9,103,A
366999701,2026-01-15T12:52:00+00:00,42.32077,-70.76755,12.0,315.6,315,A
338123456,2026-01-15T12:52:00+00:00,42.24579,-70.92619,6.0,190.2,511,B
338999702,2026-01-15T12:52:03+00:00,42.26456,-70.58432,18.0,98.7,98,A
244999703,2026-01-15T12:52:06+00:00,42.29432,-70.40151,14.5,347.4,347,A
316999704,2026-01-15T12:52:09+00:00,42.31177,-70.42163,20.0,102.9,102,A
366999701,2026-01-15T12:52:10+00:00,42.32117,-70.76808,12.0,315.9,315,A
1193046,2026-01-15T12:52:10+00:00,42.43067,-70.91054,4.5,5.4,511,B
338999702,2026-01-15T12:52:13+00:00,42.26443,-70.58321,18.0,98.7,98,A
244999703,2026-01-15T12:52:16+00:00,42.29497,-70.40171,14.5,346.2,346,A
316999704,2026-01-15T12:52:19+00:00,42.31156,-70.42041,20.0,103.4,103,A
366999701,2026-01-15T12:52:20+00:00,42.32157,-70.76860,12.0,314.4,314,A
338654321,2026-01-15T12:52:20+00:00,42.42109,-70.84137,7.5,240.1,511,B
338999702,2026-01-15T12:52:23+00:00,42.26431,-70.58210,18.0,99.3,99,A
244999703,2026-01-15T12:52:26+00:00,42.29562,-70.40192,14.5,344.7,344,A
316999704,2026-01-15T12:52:29+00:00,42.31135,-70.41919,20.0,103.3,103,A
366999701,2026-01-15T12:52:30+00:00,42.32196,-70.76914,12.0,315.1,315,A
338123456,2026-01-15T12:52:30+00:00,42.24497,-70.92639,6.0,192.7,511,B
338999702,2026-01-15T12:52:33+00:00,42.26417,-70.58099,18.0,98.8,98,A
244999703,2026-01-15T12:52:36+00:00,42.29627,-70.40216,14.5,345.9,345,A
316999704,2026-01-15T12:52:39+00:00,42.31114,-70.41797,20.0,103.5,103,A
366999701,2026-01-15T12:52:40+00:00,42.32235,-70.76967,12.0,313.9,313,A
1193046,2026-01-15T12:52:40+00:00,42.43129,-70.91046,4.5,9.2,511,B
338999702,2026-01-15T12:52:43+00:00,42.26404,-70.57987,18.0,99.9,99,A
244999703,2026-01-15T12:52:46+00:00,42.29692,-70.40238,14.5,347.2,347,A
316999704,2026-01-15T12:52:49+00:00,42.31092,-70.41675,20.0,104.4,104,A
366999701,2026-01-15T12:52:50+00:00,42.32274,-70.77021,12.0,314.8,314,A
338654321,2026-01-15T12:52:50+00:00,42.42057,-70.84259,7.5,241.4,511,B
338999702,2026-01-15T12:52:53+00:00,42.26390,-70.57876,18.0,99.6,99,A
244999703,2026-01-15T12:52:56+00:00,42.29758,-70.40258,14.5,348.6,348,A
316999704,2026-01-15T12:52:59+00:00,42.31069,-70.41554,20.0,104.9,104,A
366999701,2026-01-15T12:53:00+00:00,42.32313,-70.77074,12.0,315.4,315,A
338123456,2026-01-15T12:53:00+00:00,42.24416,-70.92664,6.0,194.3,511,B
338999702,2026-01-15T12:53:03+00:00,42.26376,-70.57765,18.0,99.7,99,A
244999703,2026-01-15T12:53:06+00:00,42.29823,-70.40276,14.5,347.5,347,A
316999704,2026-01-15T12:53:09+00:00,42.31045,-70.41433,20.0,103.5,103,A
366999701,2026-01-15T12:53:10+00:00,42.32352,-70.77127,12.0,315.4,315,A
1193046,2026-01-15T12:53:10+00:00,42.43191,-70.91033,4.5,10.0,511,B
338999702,2026-01-15T12:53:13+00:00,42.26362,-70.57654,18.0,99.3,99,A
244999703,2026-01-15T12:53:16+00:00,42.29889,-70.40296,14.5,346.7,346,A
316999704,2026-01-15T12:53:19+00:00,42.31023,-70.41311,20.0,103.3,103,A
366999701,2026-01-15T12:53:20+00:00,42.32392,-70.77180,12.0,315.1,315,A
338654321,2026-01-15T12:53:20+00:00,42.42008,-70.84383,7.5,240.6,511,B
338999702,2026-01-15T12:53:23+00:00,42.26349,-70.57543,18.0,98.8,98,A
244999703,2026-01-15T12:53:26+00:00,42.29954,-70.40317,14.5,348.0,348,A
316999704,2026-01-15T12:53:29+00:00,42.31002,-70.41190,20.0,104.6,104,A
366999701,2026-01-15T12:53:30+00:00,42.32431,-70.77233,12.0,314.8,314,A
338123456,2026-01-15T12:53:30+00:00,42.24335,-70.92692,6.0,198.0,511,B
338999702,2026-01-15T12:53:33+00:00,42.26336,-70.57432,18.0,99.5,99,A
244999703,2026-01-15T12:53:36+00:00,42.30020,-70.40336,14.5,346.9,346,A
316999704,2026-01-15T12:53:39+00:00,42.30979,-70.41068,20.0,104.2,104,A
366999701,2026-01-15T12:53:40+00:00,42.32470,-70.77286,12.0,314.8,314,A
1193046,2026-01-15T12:53:40+00:00,42.43253,-70.91018,4.5,6.2,511,B
338999702,2026-01-15T12:53:43+00:00,42.26322,-70.57321,18.0,98.9,98,A
244999703,2026-01-15T12:53:46+00:00,42.30085,-70.40356,14.5,347.7,347,A
316999704,2026-01-15T12:53:49+00:00,42.30956,-70.40947,20.0,103.0,102,A
366999701,2026-01-15T12:53:50+00:00,42.32510,-70.77340,12.0,313.4,313,A
338654321,2026-01-15T12:53:50+00:00,42.41956,-70.84506,7.5,239.6,511,B
338999702,2026-01-15T12:53:53+00:00,42.26309,-70.57210,18.0,98.4,98,A
244999703,2026-01-15T12:53:56+00:00,42.30151,-70.40375,14.5,347.5,347,A
316999704,2026-01-15T12:53:59+00:00,42.30935,-70.40825,20.0,102.4,102,A
366999701,2026-01-15T12:54:00+00:00,42.32548,-70.77394,12.0,312.4,312,A
338123456,2026-01-15T12:54:00+00:00,42.24256,-70.92726,6.0,197.8,511,B
338999702,2026-01-15T12:54:03+00:00,42.26297,-70.57098,18.0,98.2,98,A
244999703,2026-01-15T12:54:06+00:00,42.30216,-70.40395,14.5,346.0,346,A
316999704,2026-01-15T12:54:09+00:00,42.30915,-70.40703,20.0,102.4,102,A
366999701,2026-01-15T12:54:10+00:00,42.32585,-70.77450,12.0,311.1,311,A
1193046,2026-01-15T12:54:10+00:00,42.43315,-70.91009,4.5,7.0,511,B
338999702,2026-01-15T12:54:13+00:00,42.26285,-70.56987,18.0,99.3,99,A
244999703,2026-01-15T12:54:16+00:00,42.30282,-70.40417,14.5,345.4,345,A
316999704,2026-01-15T12:54:19+00:00,42.30895,-70.40580,20.0,102.4,102,A
366999701,2026-01-15T12:54:20+00:00,42.32622,-70.77506,12.0,310.7,310,A
338654321,2026-01-15T12:54:20+00:00,42.41904,-70.84628,7.5,237.9,511,B
338999702,2026-01-15T12:54:23+00:00,42.26272,-70.56876,18.0,100.0,99,A
244999703,2026-01-15T12:54:26+00:00,42.30347,-70.40440,14.5,345.8,345,A
316999704,2026-01-15T12:54:29+00:00,42.30876,-70.40458,20.0,101.6,101,A
366999701,2026-01-15T12:54:30+00:00,42.32658,-70.77563,12.0,311.8,311,A
338123456,2026-01-15T12:54:30+00:00,42.24177,-70.92761,6.0,198.0,511,B
338999702,2026-01-15T12:54:33+00:00,42.26257,-70.56765,18.0,99.7,99,A
244999703,2026-01-15T12:54:36+00:00,42.30412,-70.40462,14.5,345.1,345,A
316999704,2026-01-15T12:54:39+00:00,42.30857,-70.40336,20.0,102.2,102,A
366999701,2026-01-15T12:54:40+00:00,42.32695,-70.77619,12.0,311.0,311,A
1193046,2026-01-15T12:54:40+00:00,42.43377,-70.90998,4.5,4.8,511,B
338999702,2026-01-15T12:54:43+00:00,42.26243,-70.56654,18.0,100.1,100,A
244999703,2026-01-15T12:54:46+00:00,42.30477,-70.40485,14.5,346.4,346,A
316999704,2026-01-15T12:54:49+00:00,42.30838,-70.40213,20.0,101.9,101,A
366999701,2026-01-15T12:54:50+00:00,42.32731,-70.77676,12.0,311.7,311,A
338654321,2026-01-15T12:54:50+00:00,42.41848,-70.84747,7.5,236.7,511,B
338999702,2026-01-15T12:54:53+00:00,42.26228,-70.56543,18.0,101.3,101,A
244999703,2026-01-15T12:54:56+00:00,42.30542,-70.40507,14.5,345.8,345,A
316999704,2026-01-15T12:54:59+00:00,42.30818,-70.40091,20.0,102.4,102,A
366999701,2026-01-15T12:55:00+00:00,42.32768,-70.77732,12.0,312.3,312,A
338123456,2026-01-15T12:55:00+00:00,42.24098,-70.92796,6.0,200.0,511,B
338999702,2026-01-15T12:55:03+00:00,42.26212,-70.56433,18.0,101.3,101,A
244999703,2026-01-15T12:55:06+00:00,42.30607,-70.40529,14.5,347.2,347,A
316999704,2026-01-15T12:55:09+00:00,42.30799,-70.39968,20.0,101.7,101,A
366999701,2026-01-15T12:55:10+00:00,42.32806,-70.77788,12.0,313.3,313,A
1193046,2026-01-15T12:55:10+00:00,42.43439,-70.90991,4.5,8.7,511,B
338999702,2026-01-15T12:55:13+00:00,42.26196,-70.56322,18.0,101.1,101,A
244999703,2026-01-15T12:55:16+00:00,42.30672,-70.40549,14.5,347.7,347,A
316999704,2026-01-15T12:55:19+00:00,42.30780,-70.39846,20.0,100.3,100,A
366999701,2026-01-15T12:55:20+00:00,42.32844,-70.77842,12.0,314.3,314,A
338654321,2026-01-15T12:55:20+00:00,42.41791,-70.84865,7.5,234.4,511,B
338999702,2026-01-15T12:55:23+00:00,42.26180,-70.56212,18.0,100.7,100,A
244999703,2026-01-15T12:55:26+00:00,42.30738,-70.40568,14.5,347.2,347,A
316999704,2026-01-15T12:55:29+00:00,42.30763,-70.39723,20.0,101.4,101,A
366999701,2026-01-15T12:55:30+00:00,42.32883,-70.77896,12.0,313.0,313,A
338123456,2026-01-15T12:55:30+00:00,42.24019,-70.92834,6.0,202.5,511,B
338999702,2026-01-15T12:55:33+00:00,42.26164,-70.56101,18.0,99.5,99,A
244999703,2026-01-15T12:55:36+00:00,42.30803,-70.40589,14.5,348.4,348,A
316999704,2026-01-15T12:55:39+00:00,42.30745,-70.39600,20.0,102.4,102,A
366999701,2026-01-15T12:55:40+00:00,42.32921,-70.77951,12.0,312.0,311,A
1193046,2026-01-15T12:55:40+00:00,42.43501,-70.90978,4.5,7.0,511,B
338999702,2026-01-15T12:55:43+00:00,42.26150,-70.55990,18.0,99.9,99,A
244999703,2026-01-15T12:55:46+00:00,42.30869,-70.40607,14.5,349.6,349,A
316999704,2026-01-15T12:55:49+00:00,42.30725,-70.39478,20.0,103.3,103,A
366999701,2026-01-15T12:55:50+00:00,42.32958,-70.78007,12.0,312.3,312,A
338654321,2026-01-15T12:55:50+00:00,42.41730,-70.84980,7.5,234.2,511,B
338999702,2026-01-15T12:55:53+00:00,42.26136,-70.55879,18.0,101.0,100,A
244999703,2026-01-15T12:55:56+00:00,42.30935,-70.40623,14.5,348.3,348,A
316999704,2026-01-15T12:55:59+00:00,42.30704,-70.39356,20.0,103.0,103,A
366999701,2026-01-15T12:56:00+00:00,42.32995,-70.78063,12.0,312.6,312,A
338123456,2026-01-15T12:56:00+00:00,42.23942,-70.92877,6.0,202.8,511,B
338999702,2026-01-15T12:56:03+00:00,42.26120,-70.55769,18.0,101.2,101,A
244999703,2026-01-15T12:56:06+00:00,42.31001,-70.40642,14.5,348.0,347,A
316999704,2026-01-15T12:56:09+00:00,42.30683,-70.39234,20.0,103.0,102,A
366999701,2026-01-15T12:56:10+00:00,42.33033,-70.78118,12.0,313.3,313,A
1193046,2026-01-15T12:56:10+00:00,42.43563,-70.90968,4.5,9.2,511,B
338999702,2026-01-15T12:56:13+00:00,42.26104,-70.55658,18.0,102.4,102,A
244999703,2026-01-15T12:56:16+00:00,42.31067,-70.40660,14.5,349.4,349,A
316999704,2026-01-15T12:56:19+00:00,42.30662,-70.39112,20.0,101.9,101,A
366999701,2026-01-15T12:56:20+00:00,42.33071,-70.78173,12.0,312.4,312,A
338654321,2026-01-15T12:56:20+00:00,42.41669,-70.85094,7.5,232.0,511,B
338999702,2026-01-15T12:56:23+00:00,42.26086,-70.55548,18.0,102.4,102,A
244999703,2026-01-15T12:56:26+00:00,42.31133,-70.40677,14.5,350.7,350,A
316999704,2026-01-15T12:56:29+00:00,42.30643,-70.38989,20.0,102.7,102,A
366999701,2026-01-15T12:56:30+00:00,42.33108,-70.78228,12.0,313.0,313,A
338123456,2026-01-15T12:56:30+00:00,42.23865,-70.92921,6.0,202.9,511,B
338999702,2026-01-15T12:56:33+00:00,42.26068,-70.55438,18.0,101.2,101,A
244999703,2026-01-15T12:56:36+00:00,42.31199,-70.40692,14.5,352.1,352,A
316999704,2026-01-15T12:56:39+00:00,42.30623,-70.38867,20.0,101.7,101,A
366999701,2026-01-15T12:56:40+00:00,42.33146,-70.78283,12.0,311.7,311,A
1193046,2026-01-15T12:56:40+00:00,42.43625,-70.90955,4.5,6.3,511,B
338999702,2026-01-15T12:56:43+00:00,42.26052,-70.55328,18.0,99.8,99,A
244999703,2026-01-15T12:56:46+00:00,42.31265,-70.40704,14.5,352.8,352,A
316999704,2026-01-15T12:56:49+00:00,42.30604,-70.38744,20.0,102.0,101,A
366999701,2026-01-15T12:56:50+00:00,42.33183,-70.78339,12.0,312.5,312,A
338654321,2026-01-15T12:56:50+00:00,42.41605,-70.85205,7.5,235.2,511,B
338999702,2026-01-15T12:56:53+00:00,42.26038,-70.55217,18.0,99.6,99,A
244999703,2026-01-15T12:56:56+00:00,42.31332,-70.40716,14.5,353.3,353,A
316999704,2026-01-15T12:56:59+00:00,42.30585,-70.38622,20.0,101.3,101,A
366999701,2026-01-15T12:57:00+00:00,42.33221,-70.78395,12.0,311.9,311,A
338123456,2026-01-15T12:57:00+00:00,42.23789,-70.92964,6.0,204.7,511,B
338999702,2026-01-15T12:57:03+00:00,42.26024,-70.55106,18.0,100.8,100,A
244999703,2026-01-15T12:57:06+00:00,42.31399,-70.40726,14.5,353.2,353,A
316999704,2026-01-15T12:57:09+00:00,42.30567,-70.38499,20.0,101.5,101,A
366999701,2026-01-15T12:57:10+00:00,42.33258,-70.78451,12.0,311.9,311,A
1193046,2026-01-15T12:57:10+00:00,42.43687,-70.90945,4.5,9.8,511,B
338999702,2026-01-15T12:57:13+00:00,42.26008,-70.54995,18.0,99.3,99,A
244999703,2026-01-15T12:57:16+00:00,42.31465,-70.40737,14.5,352.0,351,A
316999704,2026-01-15T12:57:19+00:00,42.30548,-70.38376,20.0,101.2,101,A
366999701,2026-01-15T12:57:20+00:00,42.33295,-70.78506,12.0,313.4,313,A
338654321,2026-01-15T12:57:20+00:00,42.41546,-70.85321,7.5,233.3,511,B
338999702,2026-01-15T12:57:23+00:00,42.25995,-70.54884,18.0,99.9,99,A
244999703,2026-01-15T12:57:26+00:00,42.31532,-70.40750,14.5,353.0,353,A
316999704,2026-01-15T12:57:29+00:00,42.30530,-70.38254,20.0,102.6,102,A
366999701,2026-01-15T12:57:30+00:00,42.33333,-70.78561,12.0,314.8,314,A
338123456,2026-01-15T12:57:30+00:00,42.23713,-70.93011,6.0,203.9,511,B
338999702,2026-01-15T12:57:33+00:00,42.25980,-70.54773,18.0,98.6,98,A
244999703,2026-01-15T12:57:36+00:00,42.31598,-70.40761,14.5,353.9,353,A
316999704,2026-01-15T12:57:39+00:00,42.30510,-70.38131,20.0,103.6,103,A
366999701,2026-01-15T12:57:40+00:00,42.33372,-70.78614,12.0,313.8,313,A
1193046,2026-01-15T12:57:40+00:00,42.43748,-70.90931,4.5,6.4,511,B
338999702,2026-01-15T12:57:43+00:00,42.25968,-70.54662,18.0,99.6,99,A
244999703,2026-01-15T12:57:46+00:00,42.31665,-70.40770,14.5,353.0,353,A
316999704,2026-01-15T12:57:49+00:00,42.30488,-70.38010,20.0,105.0,105,A
366999701,2026-01-15T12:57:50+00:00,42.33411,-70.78669,12.0,315.1,315,A
338654321,2026-01-15T12:57:50+00:00,42.41484,-70.85434,7.5,231.4,511,B
338999702,2026-01-15T12:57:53+00:00,42.25954,-70.54551,18.0,100.0,100,A
244999703,2026-01-15T12:57:56+00:00,42.31732,-70.40781,14.5,353.8,353,A
316999704,2026-01-15T12:57:59+00:00,42.30464,-70.37889,20.0,104.9,104,A
366999701,2026-01-15T12:58:00+00:00,42.33450,-70.78722,12.0,315.0,315,A
338123456,2026-01-15T12:58:00+00:00,42.23637,-70.93057,6.0,202.6,511,B
338999702,2026-01-15T12:58:03+00:00,42.25940,-70.54440,18.0,100.3,100,A
244999703,2026-01-15T12:58:06+00:00,42.31798,-70.40791,14.5,354.0,354,A
316999704,2026-01-15T12:58:09+00:00,42.30440,-70.37768,20.0,103.9,103,A
366999701,2026-01-15T12:58:10+00:00,42.33489,-70.78775,12.0,315.2,315,A
1193046,2026-01-15T12:58:10+00:00,42.43810,-70.90921,4.5,8.0,511,B
338999702,2026-01-15T12:58:13+00:00,42.25925,-70.54329,18.0,100.3,100,A
244999703,2026-01-15T12:58:16+00:00,42.31865,-70.40801,14.5,354.7,354,A
316999704,2026-01-15T12:58:19+00:00,42.30418,-70.37646,20.0,103.1,103,A
366999701,2026-01-15T12:58:20+00:00,42.33529,-70.78828,12.0,315.2,315,A
338654321,2026-01-15T12:58:20+00:00,42.41419,-70.85544,7.5,227.4,511,B
338999702,2026-01-15T12:58:23+00:00,42.25910,-70.54218,18.0,98.9,98,A
244999703,2026-01-15T12:58:26+00:00,42.31932,-70.40809,14.5,355.6,355,A
316999704,2026-01-15T12:58:29+00:00,42.30397,-70.37524,20.0,103.6,103,A
366999701,2026-01-15T12:58:30+00:00,42.33568,-70.78881,12.0,314.4,314,A
338123456,2026-01-15T12:58:30+00:00,42.23560,-70.93100,6.0,199.0,511,B
338999702,2026-01-15T12:58:33+00:00,42.25897,-70.54107,18.0,99.3,99,A
244999703,2026-01-15T12:58:36+00:00,42.31999,-70.40816,14.5,354.6,354,A
316999704,2026-01-15T12:58:39+00:00,42.30376,-70.37403,20.0,104.6,104,A
366999701,2026-01-15T12:58:40+00:00,42.33607,-70.78934,12.0,314.9,314,A
1193046,2026-01-15T12:58:40+00:00,42.43872,-70.90910,4.5,6.6,511,B
338999702,2026-01-15T12:58:43+00:00,42.25883,-70.53996,18.0,100.5,100,A
244999703,2026-01-15T12:58:46+00:00,42.32066,-70.40825,14.5,356.1,356,A
316999704,2026-01-15T12:58:49+00:00,42.30352,-70.37282,20.0,103.9,103,A
366999701,2026-01-15T12:58:50+00:00,42.33646,-70.78988,12.0,315.5,315,A
338654321,2026-01-15T12:58:50+00:00,42.41348,-70.85648,7.5,224.6,511,B
338999702,2026-01-15T12:58:53+00:00,42.25868,-70.53885,18.0,100.6,100,A
244999703,2026-01-15T12:58:56+00:00,42.32133,-70.40831,14.5,355.8,355,A
316999704,2026-01-15T12:58:59+00:00,42.30330,-70.37160,20.0,103.3,103,A
366999701,2026-01-15T12:59:00+00:00,42.33686,-70.79040,12.0,314.1,314,A
338123456,2026-01-15T12:59:00+00:00,42.23481,-70.93137,6.0,196.6,511,B
338999702,2026-01-15T12:59:03+00:00,42.25853,-70.53775,18.0,99.2,99,A
244999703,2026-01-15T12:59:06+00:00,42.32200,-70.40837,14.5,355.3,355,A
316999704,2026-01-15T12:59:09+00:00,42.30309,-70.37038,20.0,103.5,103,A
366999701,2026-01-15T12:59:10+00:00,42.33725,-70.79094,12.0,315.3,315,A
1193046,2026-01-15T12:59:10+00:00,42.43934,-70.90900,4.5,2.8,511,B
338999702,2026-01-15T12:59:13+00:00,42.25840,-70.53663,18.0,98.5,98,A
244999703,2026-01-15T12:59:16+00:00,42.32267,-70.40845,14.5,354.5,354,A
316999704,2026-01-15T12:59:19+00:00,42.30287,-70.36916,20.0,103.1,103,A
366999701,2026-01-15T12:59:20+00:00,42.33764,-70.79147,12.0,314.8,314,A
338654321,2026-01-15T12:59:20+00:00,42.41274,-70.85748,7.5,228.2,511,B
338999702,2026-01-15T12:59:23+00:00,42.25827,-70.53552,18.0,99.2,99,A
244999703,2026-01-15T12:59:26+00:00,42.32333,-70.40853,14.5,355.1,355,A
316999704,2026-01-15T12:59:29+00:00,42.30266,-70.36795,20.0,102.7,102,A
366999701,2026-01-15T12:59:30+00:00,42.33803,-70.79200,12.0,316.0,315,A
338123456,2026-01-15T12:59:30+00:00,42.23401,-70.93169,6.0,197.8,511,B
338999702,2026-01-15T12:59:33+00:00,42.25814,-70.53441,18.0,98.5,98,A
244999703,2026-01-15T12:59:36+00:00,42.32400,-70.40861,14.5,355.0,355,A
316999704,2026-01-15T12:59:39+00:00,42.30246,-70.36672,20.0,101.7,101,A
366999701,2026-01-15T12:59:40+00:00,42.33843,-70.79253,12.0,315.0,315,A
1193046,2026-01-15T12:59:40+00:00,42.43997,-70.90896,4.5,1.0,511,B
338999702,2026-01-15T12:59:43+00:00,42.25802,-70.53330,18.0,99.1,99,A
244999703,2026-01-15T12:59:46+00:00,42.32467,-70.40869,14.5,354.6,354,A
316999704,2026-01-15T12:59:49+00:00,42.30227,-70.36550,20.0,100.9,100,A
366999701,2026-01-15T12:59:50+00:00,42.33883,-70.79306,12.0,313.7,313,A
338654321,2026-01-15T12:59:50+00:00,42.41204,-70.85853,7.5,227.5,511,B
338999702,2026-01-15T12:59:53+00:00,42.25789,-70.53218,18.0,97.7,97,A
244999703,2026-01-15T12:59:56+00:00,42.32534,-70.40878,14.5,355.0,355,A
316999704,2026-01-15T12:59:59+00:00,42.30209,-70.36427,20.0,101.9,101,A
366999701,2026-01-15T13:00:00+00:00,42.33921,-70.79360,12.0,315.0,314,A
338123456,2026-01-15T13:00:00+00:00,42.23322,-70.93203,6.0,198.5,511,B
